selection_order,iter,mp,cmp,year,catch
2,100,tun29,HS+20 (MP29),2026,1177.24999991646
2,100,tun29,HS+20 (MP29),2027,1119.51989335931
2,100,tun29,HS+20 (MP29),2028,951.591897101301
2,100,tun29,HS+20 (MP29),2029,1141.91028194485
2,100,tun29,HS+20 (MP29),2030,1330.80862909512
2,100,tun29,HS+20 (MP29),2031,1301.03895083194
2,100,tun29,HS+20 (MP29),2032,1105.8831063666
2,100,tun29,HS+20 (MP29),2033,940.000641943563
2,100,tun29,HS+20 (MP29),2034,961.699827968365
2,100,tun29,HS+20 (MP29),2035,842.344983896134
2,100,tun29,HS+20 (MP29),2036,715.993236310128
2,100,tun29,HS+20 (MP29),2037,608.594250864266
2,100,tun29,HS+20 (MP29),2038,517.305113235163
2,100,tun29,HS+20 (MP29),2039,439.70934510413
2,100,tun29,HS+20 (MP29),2040,429.743411348645
2,100,tun29,HS+20 (MP29),2041,513.473941944125
2,100,tun29,HS+20 (MP29),2042,616.168730324485
2,100,tun29,HS+20 (MP29),2043,739.402476352647
2,100,tun29,HS+20 (MP29),2044,887.282971172552
2,100,tun29,HS+20 (MP29),2045,1064.73955069708
2,100,tun29,HS+20 (MP29),2046,1277.68746878817
2,100,tun29,HS+20 (MP29),2047,1533.22494760437
2,100,tun29,HS+20 (MP29),2048,1839.86996427998
2,100,tun29,HS+20 (MP29),2049,1970.7858726998
2,100,tun29,HS+20 (MP29),2050,1999.9999995318
3,122,tun29,HS+20 (MP29),2026,1177.24999999925
3,122,tun29,HS+20 (MP29),2027,1119.52015014814
3,122,tun29,HS+20 (MP29),2028,1102.72281148624
3,122,tun29,HS+20 (MP29),2029,1298.02117537525
3,122,tun29,HS+20 (MP29),2030,1399.97939665555
3,122,tun29,HS+20 (MP29),2031,1477.82310431346
3,122,tun29,HS+20 (MP29),2032,1256.14963866642
3,122,tun29,HS+20 (MP29),2033,1085.72004046873
3,122,tun29,HS+20 (MP29),2034,1247.47366122568
3,122,tun29,HS+20 (MP29),2035,1407.98304327397
3,122,tun29,HS+20 (MP29),2036,1335.2488962064
3,122,tun29,HS+20 (MP29),2037,1134.96156170254
3,122,tun29,HS+20 (MP29),2038,992.999557002232
3,122,tun29,HS+20 (MP29),2039,943.959220923236
3,122,tun29,HS+20 (MP29),2040,1063.35328126752
3,122,tun29,HS+20 (MP29),2041,1231.82228030063
3,122,tun29,HS+20 (MP29),2042,1478.18673633522
3,122,tun29,HS+20 (MP29),2043,1773.82408363317
3,122,tun29,HS+20 (MP29),2044,1977.84594092857
3,122,tun29,HS+20 (MP29),2045,1681.16904700929
3,122,tun29,HS+20 (MP29),2046,1460.13980001356
3,122,tun29,HS+20 (MP29),2047,1331.18889922656
3,122,tun29,HS+20 (MP29),2048,1131.51056340651
3,122,tun29,HS+20 (MP29),2049,961.783979691187
3,122,tun29,HS+20 (MP29),2050,854.243712440859
1,130,tun29,HS+20 (MP29),2026,1177.24999999863
1,130,tun29,HS+20 (MP29),2027,1119.51944269689
1,130,tun29,HS+20 (MP29),2028,951.591525987051
1,130,tun29,HS+20 (MP29),2029,989.86493948573
1,130,tun29,HS+20 (MP29),2030,1176.77067042499
1,130,tun29,HS+20 (MP29),2031,1324.10361282249
1,130,tun29,HS+20 (MP29),2032,1400.62651649828
1,130,tun29,HS+20 (MP29),2033,1680.75180291315
1,130,tun29,HS+20 (MP29),2034,1653.40237769793
1,130,tun29,HS+20 (MP29),2035,1870.43068075853
1,130,tun29,HS+20 (MP29),2036,1714.26307587753
1,130,tun29,HS+20 (MP29),2037,1821.57833916736
1,130,tun29,HS+20 (MP29),2038,1902.25204840987
1,130,tun29,HS+20 (MP29),2039,1999.99998776011
1,130,tun29,HS+20 (MP29),2040,1835.2312476107
1,130,tun29,HS+20 (MP29),2041,1559.94655603919
1,130,tun29,HS+20 (MP29),2042,1382.57021417432
1,130,tun29,HS+20 (MP29),2043,1229.07260936599
1,130,tun29,HS+20 (MP29),2044,1076.36555281619
1,130,tun29,HS+20 (MP29),2045,914.910720332891
1,130,tun29,HS+20 (MP29),2046,777.674112280086
1,130,tun29,HS+20 (MP29),2047,661.022995435863
1,130,tun29,HS+20 (MP29),2048,450.432757468993
1,130,tun29,HS+20 (MP29),2049,1.00971566489866e-05
1,130,tun29,HS+20 (MP29),2050,1.00921224135514e-05
4,308,tun29,HS+20 (MP29),2026,1177.24999999979
4,308,tun29,HS+20 (MP29),2027,1119.5193914415
4,308,tun29,HS+20 (MP29),2028,1343.42326988461
4,308,tun29,HS+20 (MP29),2029,1612.10792384496
4,308,tun29,HS+20 (MP29),2030,1906.26221937826
4,308,tun29,HS+20 (MP29),2031,1620.32288647019
4,308,tun29,HS+20 (MP29),2032,1405.80954913498
4,308,tun29,HS+20 (MP29),2033,1219.58678846487
4,308,tun29,HS+20 (MP29),2034,1036.64877019507
4,308,tun29,HS+20 (MP29),2035,881.151454394608
4,308,tun29,HS+20 (MP29),2036,748.978736465983
4,308,tun29,HS+20 (MP29),2037,364.451703122891
4,308,tun29,HS+20 (MP29),2038,0.000103155869135358
4,308,tun29,HS+20 (MP29),2039,1.00158443406357e-05
4,308,tun29,HS+20 (MP29),2040,1.00423224000635e-05
4,308,tun29,HS+20 (MP29),2041,1.00074487885034e-05
4,308,tun29,HS+20 (MP29),2042,1.01088978489361e-05
4,308,tun29,HS+20 (MP29),2043,1.01026759409621e-05
4,308,tun29,HS+20 (MP29),2044,1.01262924093566e-05
4,308,tun29,HS+20 (MP29),2045,1.00914051043752e-05
4,308,tun29,HS+20 (MP29),2046,1.01003229189551e-05
4,308,tun29,HS+20 (MP29),2047,1.01218499310376e-05
4,308,tun29,HS+20 (MP29),2048,1.01257299815863e-05
4,308,tun29,HS+20 (MP29),2049,1.01169755544585e-05
4,308,tun29,HS+20 (MP29),2050,1.01000815556884e-05
2,100,tun32,PR+20 (MP32),2026,1177.24999991646
2,100,tun32,PR+20 (MP32),2027,1000.66249819231
2,100,tun32,PR+20 (MP32),2028,850.563124999998
2,100,tun32,PR+20 (MP32),2029,785.4135425776
2,100,tun32,PR+20 (MP32),2030,942.496251093117
2,100,tun32,PR+20 (MP32),2031,1014.97345754388
2,100,tun32,PR+20 (MP32),2032,862.727438912298
2,100,tun32,PR+20 (MP32),2033,733.318323075458
2,100,tun32,PR+20 (MP32),2034,857.255942980361
2,100,tun32,PR+20 (MP32),2035,766.832873565238
2,100,tun32,PR+20 (MP32),2036,651.807942530463
2,100,tun32,PR+20 (MP32),2037,554.036751150908
2,100,tun32,PR+20 (MP32),2038,470.931223880766
2,100,tun32,PR+20 (MP32),2039,400.291551923289
2,100,tun32,PR+20 (MP32),2040,436.998909992735
2,100,tun32,PR+20 (MP32),2041,524.398692099521
2,100,tun32,PR+20 (MP32),2042,629.278430483518
2,100,tun32,PR+20 (MP32),2043,755.134116551998
2,100,tun32,PR+20 (MP32),2044,906.160939548793
2,100,tun32,PR+20 (MP32),2045,1087.39312641236
2,100,tun32,PR+20 (MP32),2046,1304.87174795286
2,100,tun32,PR+20 (MP32),2047,1565.84608403035
2,100,tun32,PR+20 (MP32),2048,1879.01525537479
2,100,tun32,PR+20 (MP32),2049,2254.81839040233
2,100,tun32,PR+20 (MP32),2050,2565.67803302732
3,122,tun32,PR+20 (MP32),2026,1177.24999999925
3,122,tun32,PR+20 (MP32),2027,1000.66249992401
3,122,tun32,PR+20 (MP32),2028,850.563099559618
3,122,tun32,PR+20 (MP32),2029,940.756050021153
3,122,tun32,PR+20 (MP32),2030,1128.90727684018
3,122,tun32,PR+20 (MP32),2031,1354.68876596732
3,122,tun32,PR+20 (MP32),2032,1151.48544988411
3,122,tun32,PR+20 (MP32),2033,978.76263397856
3,122,tun32,PR+20 (MP32),2034,1174.51516062144
3,122,tun32,PR+20 (MP32),2035,1409.41819292909
3,122,tun32,PR+20 (MP32),2036,1559.79210782715
3,122,tun32,PR+20 (MP32),2037,1325.82329294638
3,122,tun32,PR+20 (MP32),2038,1126.94980145611
3,122,tun32,PR+20 (MP32),2039,957.907331237378
3,122,tun32,PR+20 (MP32),2040,848.670560104673
3,122,tun32,PR+20 (MP32),2041,1018.40467219297
3,122,tun32,PR+20 (MP32),2042,1222.08560255925
3,122,tun32,PR+20 (MP32),2043,1466.50272779076
3,122,tun32,PR+20 (MP32),2044,1759.80327338077
3,122,tun32,PR+20 (MP32),2045,1621.31401484219
3,122,tun32,PR+20 (MP32),2046,1625.84591618347
3,122,tun32,PR+20 (MP32),2047,1596.84810592406
3,122,tun32,PR+20 (MP32),2048,1357.32089009204
3,122,tun32,PR+20 (MP32),2049,1153.72275657271
3,122,tun32,PR+20 (MP32),2050,980.664343091559
1,130,tun32,PR+20 (MP32),2026,1177.24999999863
1,130,tun32,PR+20 (MP32),2027,1000.66249980315
1,130,tun32,PR+20 (MP32),2028,850.563122590125
1,130,tun32,PR+20 (MP32),2029,722.978650793755
1,130,tun32,PR+20 (MP32),2030,776.105422706209
1,130,tun32,PR+20 (MP32),2031,931.326503052567
1,130,tun32,PR+20 (MP32),2032,1117.59178563007
1,130,tun32,PR+20 (MP32),2033,1341.1101787212
1,130,tun32,PR+20 (MP32),2034,1609.33221446543
1,130,tun32,PR+20 (MP32),2035,1847.92920277617
1,130,tun32,PR+20 (MP32),2036,1790.49212811559
1,130,tun32,PR+20 (MP32),2037,1856.74740755031
1,130,tun32,PR+20 (MP32),2038,1888.13433344045
1,130,tun32,PR+20 (MP32),2039,1950.97881893537
1,130,tun32,PR+20 (MP32),2040,1810.38054825132
1,130,tun32,PR+20 (MP32),2041,1578.53017862519
1,130,tun32,PR+20 (MP32),2042,1554.54249788429
1,130,tun32,PR+20 (MP32),2043,1485.83555462409
1,130,tun32,PR+20 (MP32),2044,1262.96022169721
1,130,tun32,PR+20 (MP32),2045,1073.51618845146
1,130,tun32,PR+20 (MP32),2046,912.488760183735
1,130,tun32,PR+20 (MP32),2047,775.615446049606
1,130,tun32,PR+20 (MP32),2048,659.273129232229
1,130,tun32,PR+20 (MP32),2049,553.116093068114
1,130,tun32,PR+20 (MP32),2050,1.00921224135514e-05
4,308,tun32,PR+20 (MP32),2026,1177.24999999979
4,308,tun32,PR+20 (MP32),2027,1000.6624992889
4,308,tun32,PR+20 (MP32),2028,1049.43500035695
4,308,tun32,PR+20 (MP32),2029,1259.32196758759
4,308,tun32,PR+20 (MP32),2030,1511.18638758277
4,308,tun32,PR+20 (MP32),2031,1535.44825838557
4,308,tun32,PR+20 (MP32),2032,1506.55663456847
4,308,tun32,PR+20 (MP32),2033,1335.66693201324
4,308,tun32,PR+20 (MP32),2034,1135.31689226469
4,308,tun32,PR+20 (MP32),2035,965.019358430426
4,308,tun32,PR+20 (MP32),2036,820.266454604779
4,308,tun32,PR+20 (MP32),2037,697.226486465983
4,308,tun32,PR+20 (MP32),2038,540.837168117434
4,308,tun32,PR+20 (MP32),2039,5.72435227755074e-05
4,308,tun32,PR+20 (MP32),2040,1.00907221635395e-05
4,308,tun32,PR+20 (MP32),2041,1.00357551723767e-05
4,308,tun32,PR+20 (MP32),2042,1.00500219326578e-05
4,308,tun32,PR+20 (MP32),2043,1.01026759409621e-05
4,308,tun32,PR+20 (MP32),2044,1.01262924093566e-05
4,308,tun32,PR+20 (MP32),2045,1.00914051043752e-05
4,308,tun32,PR+20 (MP32),2046,1.01003229189551e-05
4,308,tun32,PR+20 (MP32),2047,1.01218499310376e-05
4,308,tun32,PR+20 (MP32),2048,1.01257299815863e-05
4,308,tun32,PR+20 (MP32),2049,1.01169755544585e-05
4,308,tun32,PR+20 (MP32),2050,1.01000815556884e-05
2,100,tun43,HS-20 (MP43),2026,1255.13992154165
2,100,tun43,HS-20 (MP43),2027,1206.20559703704
2,100,tun43,HS-20 (MP43),2028,1007.19272310809
2,100,tun43,HS-20 (MP43),2029,1158.27163202508
2,100,tun43,HS-20 (MP43),2030,1332.0123785784
2,100,tun43,HS-20 (MP43),2031,1355.03709560001
2,100,tun43,HS-20 (MP43),2032,1084.02967632821
2,100,tun43,HS-20 (MP43),2033,920.869214975886
2,100,tun43,HS-20 (MP43),2034,968.51750810631
2,100,tun43,HS-20 (MP43),2035,838.05179765652
2,100,tun43,HS-20 (MP43),2036,682.71620027967
2,100,tun43,HS-20 (MP43),2037,546.172960206749
2,100,tun43,HS-20 (MP43),2038,436.938368179523
2,100,tun43,HS-20 (MP43),2039,352.975224092041
2,100,tun43,HS-20 (MP43),2040,405.921512012258
2,100,tun43,HS-20 (MP43),2041,466.80973881407
2,100,tun43,HS-20 (MP43),2042,536.831199622888
2,100,tun43,HS-20 (MP43),2043,617.355879468409
2,100,tun43,HS-20 (MP43),2044,709.959260458469
2,100,tun43,HS-20 (MP43),2045,816.453148442358
2,100,tun43,HS-20 (MP43),2046,938.921118650233
2,100,tun43,HS-20 (MP43),2047,1079.7592820601
2,100,tun43,HS-20 (MP43),2048,1241.72316959242
2,100,tun43,HS-20 (MP43),2049,1427.98164377219
2,100,tun43,HS-20 (MP43),2050,1642.17888239896
3,122,tun43,HS-20 (MP43),2026,1255.14057783498
3,122,tun43,HS-20 (MP43),2027,1206.20587976869
3,122,tun43,HS-20 (MP43),2028,1185.5549579679
3,122,tun43,HS-20 (MP43),2029,1363.38820206287
3,122,tun43,HS-20 (MP43),2030,1486.38007225419
3,122,tun43,HS-20 (MP43),2031,1548.24232530652
3,122,tun43,HS-20 (MP43),2032,1244.55839426361
3,122,tun43,HS-20 (MP43),2033,1087.83234764266
3,122,tun43,HS-20 (MP43),2034,1234.0689772107
3,122,tun43,HS-20 (MP43),2035,1389.98640621432
3,122,tun43,HS-20 (MP43),2036,1315.98928789046
3,122,tun43,HS-20 (MP43),2037,1052.79143028876
3,122,tun43,HS-20 (MP43),2038,981.077043959647
3,122,tun43,HS-20 (MP43),2039,943.584770079286
3,122,tun43,HS-20 (MP43),2040,1079.82630862948
3,122,tun43,HS-20 (MP43),2041,1241.80025492421
3,122,tun43,HS-20 (MP43),2042,1428.07029315134
3,122,tun43,HS-20 (MP43),2043,1642.28083713729
3,122,tun43,HS-20 (MP43),2044,1888.62296270794
3,122,tun43,HS-20 (MP43),2045,1571.32072062161
3,122,tun43,HS-20 (MP43),2046,1521.75051907182
3,122,tun43,HS-20 (MP43),2047,1404.13283026294
3,122,tun43,HS-20 (MP43),2048,1123.3062627354
3,122,tun43,HS-20 (MP43),2049,898.645011368282
3,122,tun43,HS-20 (MP43),2050,908.616127812715
1,130,tun43,HS-20 (MP43),2026,1255.14036264638
1,130,tun43,HS-20 (MP43),2027,1206.20510014173
1,130,tun43,HS-20 (MP43),2028,974.563262212855
1,130,tun43,HS-20 (MP43),2029,1051.58103566774
1,130,tun43,HS-20 (MP43),2030,1209.31819110174
1,130,tun43,HS-20 (MP43),2031,1388.04738197232
1,130,tun43,HS-20 (MP43),2032,1461.27013165576
1,130,tun43,HS-20 (MP43),2033,1680.46064876345
1,130,tun43,HS-20 (MP43),2034,1710.96710311995
1,130,tun43,HS-20 (MP43),2035,1931.92841540296
1,130,tun43,HS-20 (MP43),2036,1760.6410543274
1,130,tun43,HS-20 (MP43),2037,1875.17022540315
1,130,tun43,HS-20 (MP43),2038,1959.75447416575
1,130,tun43,HS-20 (MP43),2039,1999.9999984532
1,130,tun43,HS-20 (MP43),2040,1881.19159856385
1,130,tun43,HS-20 (MP43),2041,1504.95328009879
1,130,tun43,HS-20 (MP43),2042,1368.17233348646
1,130,tun43,HS-20 (MP43),2043,1175.38024440424
1,130,tun43,HS-20 (MP43),2044,987.81131436629
1,130,tun43,HS-20 (MP43),2045,790.249051493014
1,130,tun43,HS-20 (MP43),2046,632.199241146373
1,130,tun43,HS-20 (MP43),2047,505.759392955541
1,130,tun43,HS-20 (MP43),2048,269.771812616209
1,130,tun43,HS-20 (MP43),2049,1.00971566489866e-05
1,130,tun43,HS-20 (MP43),2050,1.00921224135514e-05
4,308,tun43,HS-20 (MP43),2026,1255.13985989926
4,308,tun43,HS-20 (MP43),2027,1206.2050437607
4,308,tun43,HS-20 (MP43),2028,1387.13580034796
4,308,tun43,HS-20 (MP43),2029,1595.20617039429
4,308,tun43,HS-20 (MP43),2030,1834.48709596248
4,308,tun43,HS-20 (MP43),2031,1646.53740735701
4,308,tun43,HS-20 (MP43),2032,1464.25666024741
4,308,tun43,HS-20 (MP43),2033,1269.06978253852
4,308,tun43,HS-20 (MP43),2034,1015.25582602953
4,308,tun43,HS-20 (MP43),2035,812.204660824712
4,308,tun43,HS-20 (MP43),2036,649.763728659767
4,308,tun43,HS-20 (MP43),2037,319.565897075722
4,308,tun43,HS-20 (MP43),2038,6.12284230177822e-05
4,308,tun43,HS-20 (MP43),2039,1.00192234332358e-05
4,308,tun43,HS-20 (MP43),2040,1.00448629599821e-05
4,308,tun43,HS-20 (MP43),2041,1.00112060715157e-05
4,308,tun43,HS-20 (MP43),2042,1.01088978489361e-05
4,308,tun43,HS-20 (MP43),2043,1.01026759409621e-05
4,308,tun43,HS-20 (MP43),2044,1.01262924093566e-05
4,308,tun43,HS-20 (MP43),2045,1.00914051043752e-05
4,308,tun43,HS-20 (MP43),2046,1.01003229189551e-05
4,308,tun43,HS-20 (MP43),2047,1.01218499310376e-05
4,308,tun43,HS-20 (MP43),2048,1.01257299815863e-05
4,308,tun43,HS-20 (MP43),2049,1.01169755544585e-05
4,308,tun43,HS-20 (MP43),2050,1.01000815556884e-05
2,100,tun44,PR-20 (MP44),2026,1107.99999972212
2,100,tun44,PR-20 (MP44),2027,886.39998495895
2,100,tun44,PR-20 (MP44),2028,709.119966903343
2,100,tun44,PR-20 (MP44),2029,815.487999999999
2,100,tun44,PR-20 (MP44),2030,937.811199999998
2,100,tun44,PR-20 (MP44),2031,1078.48287999998
2,100,tun44,PR-20 (MP44),2032,862.786303999996
2,100,tun44,PR-20 (MP44),2033,722.535799223956
2,100,tun44,PR-20 (MP44),2034,830.916169107537
2,100,tun44,PR-20 (MP44),2035,887.238485356649
2,100,tun44,PR-20 (MP44),2036,711.163615838736
2,100,tun44,PR-20 (MP44),2037,568.930892671029
2,100,tun44,PR-20 (MP44),2038,455.144702949991
2,100,tun44,PR-20 (MP44),2039,364.115770934007
2,100,tun44,PR-20 (MP44),2040,418.733136901466
2,100,tun44,PR-20 (MP44),2041,481.543107518543
2,100,tun44,PR-20 (MP44),2042,553.774573639413
2,100,tun44,PR-20 (MP44),2043,636.840759696251
2,100,tun44,PR-20 (MP44),2044,732.366873609735
2,100,tun44,PR-20 (MP44),2045,842.221904558122
2,100,tun44,PR-20 (MP44),2046,968.555190035096
2,100,tun44,PR-20 (MP44),2047,1113.83846799441
2,100,tun44,PR-20 (MP44),2048,1280.91423658573
2,100,tun44,PR-20 (MP44),2049,1473.05137076108
2,100,tun44,PR-20 (MP44),2050,1694.00907317009
3,122,tun44,PR-20 (MP44),2026,1107.99999999768
3,122,tun44,PR-20 (MP44),2027,886.399999548375
3,122,tun44,PR-20 (MP44),2028,709.119993898091
3,122,tun44,PR-20 (MP44),2029,815.487989645805
3,122,tun44,PR-20 (MP44),2030,937.811169864096
3,122,tun44,PR-20 (MP44),2031,1078.48288
3,122,tun44,PR-20 (MP44),2032,1231.66066100745
3,122,tun44,PR-20 (MP44),2033,1176.88749142252
3,122,tun44,PR-20 (MP44),2034,1353.42061481046
3,122,tun44,PR-20 (MP44),2035,1556.43370740628
3,122,tun44,PR-20 (MP44),2036,1693.0063004596
3,122,tun44,PR-20 (MP44),2037,1354.40503964289
3,122,tun44,PR-20 (MP44),2038,1083.52403288415
3,122,tun44,PR-20 (MP44),2039,866.819226306542
3,122,tun44,PR-20 (MP44),2040,887.235062843239
3,122,tun44,PR-20 (MP44),2041,1020.32032232091
3,122,tun44,PR-20 (MP44),2042,1173.36836568478
3,122,tun44,PR-20 (MP44),2043,1349.37362563423
3,122,tun44,PR-20 (MP44),2044,1551.77966754937
3,122,tun44,PR-20 (MP44),2045,1656.9462711621
3,122,tun44,PR-20 (MP44),2046,1671.17986671401
3,122,tun44,PR-20 (MP44),2047,1659.18517024776
3,122,tun44,PR-20 (MP44),2048,1327.34813744467
3,122,tun44,PR-20 (MP44),2049,1061.87850834056
3,122,tun44,PR-20 (MP44),2050,994.824605963261
1,130,tun44,PR-20 (MP44),2026,1107.99999999374
1,130,tun44,PR-20 (MP44),2027,886.399998046955
1,130,tun44,PR-20 (MP44),2028,709.119987519408
1,130,tun44,PR-20 (MP44),2029,574.467310445596
1,130,tun44,PR-20 (MP44),2030,660.63740676138
1,130,tun44,PR-20 (MP44),2031,759.733017674654
1,130,tun44,PR-20 (MP44),2032,873.692969124802
1,130,tun44,PR-20 (MP44),2033,1004.74691093661
1,130,tun44,PR-20 (MP44),2034,1155.45894176446
1,130,tun44,PR-20 (MP44),2035,1328.77778397819
1,130,tun44,PR-20 (MP44),2036,1528.09445270057
1,130,tun44,PR-20 (MP44),2037,1757.30861163195
1,130,tun44,PR-20 (MP44),2038,2020.90493534775
1,130,tun44,PR-20 (MP44),2039,2250.92854249947
1,130,tun44,PR-20 (MP44),2040,2097.39185265532
1,130,tun44,PR-20 (MP44),2041,1827.17902974215
1,130,tun44,PR-20 (MP44),2042,1777.3290997029
1,130,tun44,PR-20 (MP44),2043,1698.37051744247
1,130,tun44,PR-20 (MP44),2044,1608.93593799692
1,130,tun44,PR-20 (MP44),2045,1287.14875039527
1,130,tun44,PR-20 (MP44),2046,1029.71900031483
1,130,tun44,PR-20 (MP44),2047,521.370635994748
1,130,tun44,PR-20 (MP44),2048,1.00401377554888e-05
1,130,tun44,PR-20 (MP44),2049,1.00971566489866e-05
1,130,tun44,PR-20 (MP44),2050,1.00921224135514e-05
4,308,tun44,PR-20 (MP44),2026,1107.99999999925
4,308,tun44,PR-20 (MP44),2027,886.399995444982
4,308,tun44,PR-20 (MP44),2028,1019.35999533403
4,308,tun44,PR-20 (MP44),2029,1172.26399999999
4,308,tun44,PR-20 (MP44),2030,1348.10359999995
4,308,tun44,PR-20 (MP44),2031,1550.31913845275
4,308,tun44,PR-20 (MP44),2032,1575.80771727303
4,308,tun44,PR-20 (MP44),2033,1546.85320846077
4,308,tun44,PR-20 (MP44),2034,1237.48256655333
4,308,tun44,PR-20 (MP44),2035,989.986053419318
4,308,tun44,PR-20 (MP44),2036,791.988842694013
4,308,tun44,PR-20 (MP44),2037,633.59107415377
4,308,tun44,PR-20 (MP44),2038,506.872859350692
4,308,tun44,PR-20 (MP44),2039,138.311121781581
4,308,tun44,PR-20 (MP44),2040,1.01246342089761e-05
4,308,tun44,PR-20 (MP44),2041,1.00889809431898e-05
4,308,tun44,PR-20 (MP44),2042,1.00976459142499e-05
4,308,tun44,PR-20 (MP44),2043,1.0085086811772e-05
4,308,tun44,PR-20 (MP44),2044,1.01262924093566e-05
4,308,tun44,PR-20 (MP44),2045,1.00914051043752e-05
4,308,tun44,PR-20 (MP44),2046,1.01003229189551e-05
4,308,tun44,PR-20 (MP44),2047,1.01218499310376e-05
4,308,tun44,PR-20 (MP44),2048,1.01257299815863e-05
4,308,tun44,PR-20 (MP44),2049,1.01169755544585e-05
4,308,tun44,PR-20 (MP44),2050,1.01000815556884e-05
2,100,tun45,HSsym (MP45),2026,1192.39215579299
2,100,tun45,HSsym (MP45),2027,1146.57466716541
2,100,tun45,HSsym (MP45),2028,974.588460379473
2,100,tun45,HSsym (MP45),2029,1120.77672930932
2,100,tun45,HSsym (MP45),2030,1288.89324781015
2,100,tun45,HSsym (MP45),2031,1321.44647769081
2,100,tun45,HSsym (MP45),2032,1123.22950492928
2,100,tun45,HSsym (MP45),2033,954.745080119378
2,100,tun45,HSsym (MP45),2034,979.488176443905
2,100,tun45,HSsym (MP45),2035,854.868988348215
2,100,tun45,HSsym (MP45),2036,726.638641746239
2,100,tun45,HSsym (MP45),2037,617.642845350281
2,100,tun45,HSsym (MP45),2038,524.996418661706
2,100,tun45,HSsym (MP45),2039,446.246955762873
2,100,tun45,HSsym (MP45),2040,414.47000774737
2,100,tun45,HSsym (MP45),2041,476.640508909464
2,100,tun45,HSsym (MP45),2042,548.136585238374
2,100,tun45,HSsym (MP45),2043,630.357072962205
2,100,tun45,HSsym (MP45),2044,724.910632776479
2,100,tun45,HSsym (MP45),2045,833.647226369303
2,100,tun45,HSsym (MP45),2046,958.694307771141
2,100,tun45,HSsym (MP45),2047,1102.4984484786
2,100,tun45,HSsym (MP45),2048,1267.87320998897
2,100,tun45,HSsym (MP45),2049,1458.05418985546
2,100,tun45,HSsym (MP45),2050,1676.76230817051
3,122,tun45,HSsym (MP45),2026,1192.39277032917
3,122,tun45,HSsym (MP45),2027,1146.57493200609
3,122,tun45,HSsym (MP45),2028,1128.8541232472
3,122,tun45,HSsym (MP45),2029,1298.1822431229
3,122,tun45,HSsym (MP45),2030,1429.26354116493
3,122,tun45,HSsym (MP45),2031,1503.61669846331
3,122,tun45,HSsym (MP45),2032,1278.07419369381
3,122,tun45,HSsym (MP45),2033,1092.91416156894
3,122,tun45,HSsym (MP45),2034,1249.79409766054
3,122,tun45,HSsym (MP45),2035,1405.94483711687
3,122,tun45,HSsym (MP45),2036,1329.18654516786
3,122,tun45,HSsym (MP45),2037,1129.80856336854
3,122,tun45,HSsym (MP45),2038,986.059283526519
3,122,tun45,HSsym (MP45),2039,940.568901982349
3,122,tun45,HSsym (MP45),2040,1064.00385914577
3,122,tun45,HSsym (MP45),2041,1223.60443801834
3,122,tun45,HSsym (MP45),2042,1407.14510369058
3,122,tun45,HSsym (MP45),2043,1618.21686927922
3,122,tun45,HSsym (MP45),2044,1860.94939967134
3,122,tun45,HSsym (MP45),2045,1581.80698972064
3,122,tun45,HSsym (MP45),2046,1500.70079420969
3,122,tun45,HSsym (MP45),2047,1397.83503427043
3,122,tun45,HSsym (MP45),2048,1188.15978101121
3,122,tun45,HSsym (MP45),2049,1009.93581421496
3,122,tun45,HSsym (MP45),2050,933.079147504459
1,130,tun45,HSsym (MP45),2026,1192.39256884647
1,130,tun45,HSsym (MP45),2027,1146.57420203184
1,130,tun45,HSsym (MP45),2028,974.588071559166
1,130,tun45,HSsym (MP45),2029,1010.34707059262
1,130,tun45,HSsym (MP45),2030,1161.89913142592
1,130,tun45,HSsym (MP45),2031,1336.18399458799
1,130,tun45,HSsym (MP45),2032,1419.97851643261
1,130,tun45,HSsym (MP45),2033,1632.97527711868
1,130,tun45,HSsym (MP45),2034,1677.28292661931
1,130,tun45,HSsym (MP45),2035,1900.0517929376
1,130,tun45,HSsym (MP45),2036,1742.44276507959
1,130,tun45,HSsym (MP45),2037,1854.82970577101
1,130,tun45,HSsym (MP45),2038,1935.68370104038
1,130,tun45,HSsym (MP45),2039,1999.99999323318
1,130,tun45,HSsym (MP45),2040,1858.04810023013
1,130,tun45,HSsym (MP45),2041,1579.34090316001
1,130,tun45,HSsym (MP45),2042,1380.41643212862
1,130,tun45,HSsym (MP45),2043,1211.27016194883
1,130,tun45,HSsym (MP45),2044,1041.11780289995
1,130,tun45,HSsym (MP45),2045,884.95013246495
1,130,tun45,HSsym (MP45),2046,752.207612419125
1,130,tun45,HSsym (MP45),2047,639.376470705931
1,130,tun45,HSsym (MP45),2048,160.403149320256
1,130,tun45,HSsym (MP45),2049,1.00971566489866e-05
1,130,tun45,HSsym (MP45),2050,1.00921224135514e-05
4,308,tun45,HSsym (MP45),2026,1192.39209812212
4,308,tun45,HSsym (MP45),2027,1146.57414918951
4,308,tun45,HSsym (MP45),2028,1318.56027165235
4,308,tun45,HSsym (MP45),2029,1516.3443122997
4,308,tun45,HSsym (MP45),2030,1743.79595927652
4,308,tun45,HSsym (MP45),2031,1605.25602328319
4,308,tun45,HSsym (MP45),2032,1459.07840786695
4,308,tun45,HSsym (MP45),2033,1296.93063687391
4,308,tun45,HSsym (MP45),2034,1102.39104134271
4,308,tun45,HSsym (MP45),2035,937.032384340702
4,308,tun45,HSsym (MP45),2036,796.477527369107
4,308,tun45,HSsym (MP45),2037,308.157245464529
4,308,tun45,HSsym (MP45),2038,1.32492510629922e-05
4,308,tun45,HSsym (MP45),2039,1.00228139166027e-05
4,308,tun45,HSsym (MP45),2040,1.00483859486759e-05
4,308,tun45,HSsym (MP45),2041,1.00147971667957e-05
4,308,tun45,HSsym (MP45),2042,1.01088978489361e-05
4,308,tun45,HSsym (MP45),2043,1.01026759409621e-05
4,308,tun45,HSsym (MP45),2044,1.01262924093566e-05
4,308,tun45,HSsym (MP45),2045,1.00914051043752e-05
4,308,tun45,HSsym (MP45),2046,1.01003229189551e-05
4,308,tun45,HSsym (MP45),2047,1.01218499310376e-05
4,308,tun45,HSsym (MP45),2048,1.01257299815863e-05
4,308,tun45,HSsym (MP45),2049,1.01169755544585e-05
4,308,tun45,HSsym (MP45),2050,1.01000815556884e-05
2,100,tun46,PRsym (MP46),2026,1177.24999991646
2,100,tun46,PRsym (MP46),2027,1000.66249819231
2,100,tun46,PRsym (MP46),2028,850.563124999998
2,100,tun46,PRsym (MP46),2029,798.717358015745
2,100,tun46,PRsym (MP46),2030,918.524961718105
2,100,tun46,PRsym (MP46),2031,1033.63387770043
2,100,tun46,PRsym (MP46),2032,878.588796045369
2,100,tun46,PRsym (MP46),2033,746.800476638568
2,100,tun46,PRsym (MP46),2034,858.820548134313
2,100,tun46,PRsym (MP46),2035,774.196429941677
2,100,tun46,PRsym (MP46),2036,658.066965450439
2,100,tun46,PRsym (MP46),2037,559.356920632892
2,100,tun46,PRsym (MP46),2038,475.453365529618
2,100,tun46,PRsym (MP46),2039,404.135374271576
2,100,tun46,PRsym (MP46),2040,431.360926407954
2,100,tun46,PRsym (MP46),2041,496.065065482157
2,100,tun46,PRsym (MP46),2042,570.474825295225
2,100,tun46,PRsym (MP46),2043,656.046049101697
2,100,tun46,PRsym (MP46),2044,754.452956410411
2,100,tun46,PRsym (MP46),2045,867.620899741149
2,100,tun46,PRsym (MP46),2046,997.764034407469
2,100,tun46,PRsym (MP46),2047,1147.4286387827
2,100,tun46,PRsym (MP46),2048,1319.54293238232
2,100,tun46,PRsym (MP46),2049,1517.47437032742
2,100,tun46,PRsym (MP46),2050,1745.09552182336
3,122,tun46,PRsym (MP46),2026,1177.24999999925
3,122,tun46,PRsym (MP46),2027,1000.66249992401
3,122,tun46,PRsym (MP46),2028,850.563099559618
3,122,tun46,PRsym (MP46),2029,958.069593512503
3,122,tun46,PRsym (MP46),2030,1101.77999814455
3,122,tun46,PRsym (MP46),2031,1267.04703517581
3,122,tun46,PRsym (MP46),2032,1076.98997458977
3,122,tun46,PRsym (MP46),2033,915.441484536155
3,122,tun46,PRsym (MP46),2034,1052.75770288731
3,122,tun46,PRsym (MP46),2035,1210.67136324026
3,122,tun46,PRsym (MP46),2036,1392.2720677937
3,122,tun46,PRsym (MP46),2037,1214.02823600121
3,122,tun46,PRsym (MP46),2038,1109.55701595953
3,122,tun46,PRsym (MP46),2039,943.123463557786
3,122,tun46,PRsym (MP46),2040,1084.59198295398
3,122,tun46,PRsym (MP46),2041,1247.2807805406
3,122,tun46,PRsym (MP46),2042,1434.37289469151
3,122,tun46,PRsym (MP46),2043,1649.528832226
3,122,tun46,PRsym (MP46),2044,1896.95815710491
3,122,tun46,PRsym (MP46),2045,1660.0201144611
3,122,tun46,PRsym (MP46),2046,1640.77320255702
3,122,tun46,PRsym (MP46),2047,1587.6188873226
3,122,tun46,PRsym (MP46),2048,1349.47605422393
3,122,tun46,PRsym (MP46),2049,1147.05464609061
3,122,tun46,PRsym (MP46),2050,974.99644057131
1,130,tun46,PRsym (MP46),2026,1177.24999999863
1,130,tun46,PRsym (MP46),2027,1000.66249980315
1,130,tun46,PRsym (MP46),2028,850.563122590125
1,130,tun46,PRsym (MP46),2029,722.978650793755
1,130,tun46,PRsym (MP46),2030,789.168977177009
1,130,tun46,PRsym (MP46),2031,907.544321601085
1,130,tun46,PRsym (MP46),2032,1043.6759611986
1,130,tun46,PRsym (MP46),2033,1200.22733169067
1,130,tun46,PRsym (MP46),2034,1380.26148283052
1,130,tun46,PRsym (MP46),2035,1587.3007052551
1,130,tun46,PRsym (MP46),2036,1821.80607179563
1,130,tun46,PRsym (MP46),2037,1910.44970108646
1,130,tun46,PRsym (MP46),2038,1965.79617917208
1,130,tun46,PRsym (MP46),2039,2039.70029974623
1,130,tun46,PRsym (MP46),2040,1890.12930607437
1,130,tun46,PRsym (MP46),2041,1640.61569772769
1,130,tun46,PRsym (MP46),2042,1605.54801655743
1,130,tun46,PRsym (MP46),2043,1539.01945847936
1,130,tun46,PRsym (MP46),2044,1372.41424960112
1,130,tun46,PRsym (MP46),2045,1166.55211241484
1,130,tun46,PRsym (MP46),2046,991.569295351341
1,130,tun46,PRsym (MP46),2047,842.833901219724
1,130,tun46,PRsym (MP46),2048,173.293177762138
1,130,tun46,PRsym (MP46),2049,1.00971566489866e-05
1,130,tun46,PRsym (MP46),2050,1.00921224135514e-05
4,308,tun46,PRsym (MP46),2026,1177.24999999979
4,308,tun46,PRsym (MP46),2027,1000.6624992889
4,308,tun46,PRsym (MP46),2028,1069.55371802269
4,308,tun46,PRsym (MP46),2029,1229.98677686019
4,308,tun46,PRsym (MP46),2030,1414.48479338922
4,308,tun46,PRsym (MP46),2031,1542.10206896441
4,308,tun46,PRsym (MP46),2032,1516.35699990449
4,308,tun46,PRsym (MP46),2033,1403.78646791505
4,308,tun46,PRsym (MP46),2034,1193.21849761584
4,308,tun46,PRsym (MP46),2035,1014.23572308353
4,308,tun46,PRsym (MP46),2036,862.100364621013
4,308,tun46,PRsym (MP46),2037,732.78530988744
4,308,tun46,PRsym (MP46),2038,307.344649583287
4,308,tun46,PRsym (MP46),2039,1.00746796535097e-05
4,308,tun46,PRsym (MP46),2040,1.01088124490449e-05
4,308,tun46,PRsym (MP46),2041,1.00621755212177e-05
4,308,tun46,PRsym (MP46),2042,1.00738895040868e-05
4,308,tun46,PRsym (MP46),2043,1.01026759409621e-05
4,308,tun46,PRsym (MP46),2044,1.01262924093566e-05
4,308,tun46,PRsym (MP46),2045,1.00914051043752e-05
4,308,tun46,PRsym (MP46),2046,1.01003229189551e-05
4,308,tun46,PRsym (MP46),2047,1.01218499310376e-05
4,308,tun46,PRsym (MP46),2048,1.01257299815863e-05
4,308,tun46,PRsym (MP46),2049,1.01169755544585e-05
4,308,tun46,PRsym (MP46),2050,1.01000815556884e-05
2,100,tun47,HS-30 (MP47),2026,1222.73400305248
2,100,tun47,HS-30 (MP47),2027,1175.40936025186
2,100,tun47,HS-30 (MP47),2028,983.77795944757
2,100,tun47,HS-30 (MP47),2029,1180.53355386791
2,100,tun47,HS-30 (MP47),2030,1379.01895385028
2,100,tun47,HS-30 (MP47),2031,1337.82373700518
2,100,tun47,HS-30 (MP47),2032,961.246055773839
2,100,tun47,HS-30 (MP47),2033,909.15588036229
2,100,tun47,HS-30 (MP47),2034,957.754902890507
2,100,tun47,HS-30 (MP47),2035,840.322831739477
2,100,tun47,HS-30 (MP47),2036,700.362928987502
2,100,tun47,HS-30 (MP47),2037,518.119233981377
2,100,tun47,HS-30 (MP47),2038,458.003757829057
2,100,tun47,HS-30 (MP47),2039,376.760989136077
2,100,tun47,HS-30 (MP47),2040,443.646592737102
2,100,tun47,HS-30 (MP47),2041,532.375911284464
2,100,tun47,HS-30 (MP47),2042,638.851093526562
2,100,tun47,HS-30 (MP47),2043,766.621312180859
2,100,tun47,HS-30 (MP47),2044,919.945574083635
2,100,tun47,HS-30 (MP47),2045,1103.93467253805
2,100,tun47,HS-30 (MP47),2046,1324.72161780377
2,100,tun47,HS-30 (MP47),2047,1589.66593101406
2,100,tun47,HS-30 (MP47),2048,1907.59914004734
2,100,tun47,HS-30 (MP47),2049,1999.99999956436
2,100,tun47,HS-30 (MP47),2050,1999.99999964531
3,122,tun47,HS-30 (MP47),2026,1222.73463777446
3,122,tun47,HS-30 (MP47),2027,1175.40963372124
3,122,tun47,HS-30 (MP47),2028,1156.30039606113
3,122,tun47,HS-30 (MP47),2029,1357.72347289081
3,122,tun47,HS-30 (MP47),2030,1457.20504556365
3,122,tun47,HS-30 (MP47),2031,1524.90779262345
3,122,tun47,HS-30 (MP47),2032,1234.4546914029
3,122,tun47,HS-30 (MP47),2033,1085.76367151594
3,122,tun47,HS-30 (MP47),2034,1237.16075770497
3,122,tun47,HS-30 (MP47),2035,1396.20798716999
3,122,tun47,HS-30 (MP47),2036,1324.22291850735
3,122,tun47,HS-30 (MP47),2037,1045.18043744854
3,122,tun47,HS-30 (MP47),2038,987.347792226498
3,122,tun47,HS-30 (MP47),2039,946.128331468294
3,122,tun47,HS-30 (MP47),2040,1078.83340598528
3,122,tun47,HS-30 (MP47),2041,1262.3956746949
3,122,tun47,HS-30 (MP47),2042,1514.87480962556
3,122,tun47,HS-30 (MP47),2043,1817.84977156075
3,122,tun47,HS-30 (MP47),2044,1999.99999579501
3,122,tun47,HS-30 (MP47),2045,1543.31544782653
3,122,tun47,HS-30 (MP47),2046,1473.60030275885
3,122,tun47,HS-30 (MP47),2047,1330.71079573802
3,122,tun47,HS-30 (MP47),2048,931.497557011155
3,122,tun47,HS-30 (MP47),2049,748.745225865072
3,122,tun47,HS-30 (MP47),2050,864.093399496618
1,130,tun47,HS-30 (MP47),2026,1222.73442966432
1,130,tun47,HS-30 (MP47),2027,1175.4088797387
1,130,tun47,HS-30 (MP47),2028,952.34379540358
1,130,tun47,HS-30 (MP47),2029,1030.42181474345
1,130,tun47,HS-30 (MP47),2030,1220.72822573638
1,130,tun47,HS-30 (MP47),2031,1368.90647093544
1,130,tun47,HS-30 (MP47),2032,1443.93285039557
1,130,tun47,HS-30 (MP47),2033,1732.7194175418
1,130,tun47,HS-30 (MP47),2034,1690.60150316482
1,130,tun47,HS-30 (MP47),2035,1906.25609603722
1,130,tun47,HS-30 (MP47),2036,1735.80370152094
1,130,tun47,HS-30 (MP47),2037,1843.58293652527
1,130,tun47,HS-30 (MP47),2038,1926.41056100134
1,130,tun47,HS-30 (MP47),2039,1999.99999684141
1,130,tun47,HS-30 (MP47),2040,1857.47607327809
1,130,tun47,HS-30 (MP47),2041,1450.49091724494
1,130,tun47,HS-30 (MP47),2042,1372.00805706202
1,130,tun47,HS-30 (MP47),2043,1198.61959246756
1,130,tun47,HS-30 (MP47),2044,1034.37989537292
1,130,tun47,HS-30 (MP47),2045,774.419831996137
1,130,tun47,HS-30 (MP47),2046,593.564450324212
1,130,tun47,HS-30 (MP47),2047,415.495115226949
1,130,tun47,HS-30 (MP47),2048,336.100397929903
1,130,tun47,HS-30 (MP47),2049,269.999999999843
1,130,tun47,HS-30 (MP47),2050,270
4,308,tun47,HS-30 (MP47),2026,1222.73394345516
4,308,tun47,HS-30 (MP47),2027,1175.40882519266
4,308,tun47,HS-30 (MP47),2028,1410.49059028234
4,308,tun47,HS-30 (MP47),2029,1692.58870833916
4,308,tun47,HS-30 (MP47),2030,1988.93288921334
4,308,tun47,HS-30 (MP47),2031,1613.00204034557
4,308,tun47,HS-30 (MP47),2032,1414.70269510932
4,308,tun47,HS-30 (MP47),2033,1198.95293624049
4,308,tun47,HS-30 (MP47),2034,917.026505864311
4,308,tun47,HS-30 (MP47),2035,641.918554104994
4,308,tun47,HS-30 (MP47),2036,449.342987872179
4,308,tun47,HS-30 (MP47),2037,388.319880729843
4,308,tun47,HS-30 (MP47),2038,327.313358812841
4,308,tun47,HS-30 (MP47),2039,234.677028409116
4,308,tun47,HS-30 (MP47),2040,1.01390485365646e-05
4,308,tun47,HS-30 (MP47),2041,1.00967110562166e-05
4,308,tun47,HS-30 (MP47),2042,1.01037170625162e-05
4,308,tun47,HS-30 (MP47),2043,1.01026759409621e-05
4,308,tun47,HS-30 (MP47),2044,1.01262924093566e-05
4,308,tun47,HS-30 (MP47),2045,1.00914051043752e-05
4,308,tun47,HS-30 (MP47),2046,1.01003229189551e-05
4,308,tun47,HS-30 (MP47),2047,1.01218499310376e-05
4,308,tun47,HS-30 (MP47),2048,1.01257299815863e-05
4,308,tun47,HS-30 (MP47),2049,1.01169755544585e-05
4,308,tun47,HS-30 (MP47),2050,1.01000815556884e-05
2,100,tun48,PR-30 (MP48),2026,969.499997566
2,100,tun48,PR-30 (MP48),2027,726.571080970759
2,100,tun48,PR-30 (MP48),2028,527.659301268944
2,100,tun48,PR-30 (MP48),2029,633.191158197029
2,100,tun48,PR-30 (MP48),2030,759.829381858811
2,100,tun48,PR-30 (MP48),2031,911.79527870631
2,100,tun48,PR-30 (MP48),2032,892.691182936718
2,100,tun48,PR-30 (MP48),2033,1016.14685830572
2,100,tun48,PR-30 (MP48),2034,1219.37622996572
2,100,tun48,PR-30 (MP48),2035,1414.05144068065
2,100,tun48,PR-30 (MP48),2036,1038.86055709193
2,100,tun48,PR-30 (MP48),2037,727.202389971204
2,100,tun48,PR-30 (MP48),2038,509.041672978194
2,100,tun48,PR-30 (MP48),2039,356.32917106225
2,100,tun48,PR-30 (MP48),2040,325.413099173775
2,100,tun48,PR-30 (MP48),2041,384.420044362273
2,100,tun48,PR-30 (MP48),2042,461.304053222921
2,100,tun48,PR-30 (MP48),2043,553.564863862041
2,100,tun48,PR-30 (MP48),2044,664.277836581237
2,100,tun48,PR-30 (MP48),2045,797.133403750211
2,100,tun48,PR-30 (MP48),2046,956.560084073225
2,100,tun48,PR-30 (MP48),2047,1147.87209941752
2,100,tun48,PR-30 (MP48),2048,1377.44651428714
2,100,tun48,PR-30 (MP48),2049,1652.93581039418
2,100,tun48,PR-30 (MP48),2050,1983.52295294737
3,122,tun48,PR-30 (MP48),2026,969.499999981901
3,122,tun48,PR-30 (MP48),2027,726.571420969251
3,122,tun48,PR-30 (MP48),2028,711.045040513555
3,122,tun48,PR-30 (MP48),2029,853.254043129651
3,122,tun48,PR-30 (MP48),2030,1023.90486572299
3,122,tun48,PR-30 (MP48),2031,1228.68583886759
3,122,tun48,PR-30 (MP48),2032,1420.17432936336
3,122,tun48,PR-30 (MP48),2033,1314.21134473989
3,122,tun48,PR-30 (MP48),2034,1577.05364484281
3,122,tun48,PR-30 (MP48),2035,1734.80027337719
3,122,tun48,PR-30 (MP48),2036,1652.24937603057
3,122,tun48,PR-30 (MP48),2037,1156.57456286652
3,122,tun48,PR-30 (MP48),2038,809.602194254949
3,122,tun48,PR-30 (MP48),2039,617.921476920662
3,122,tun48,PR-30 (MP48),2040,739.5961390315
3,122,tun48,PR-30 (MP48),2041,887.515366939851
3,122,tun48,PR-30 (MP48),2042,1065.0184382668
3,122,tun48,PR-30 (MP48),2043,1278.02212603658
3,122,tun48,PR-30 (MP48),2044,1533.62654441409
3,122,tun48,PR-30 (MP48),2045,1705.78366244102
3,122,tun48,PR-30 (MP48),2046,1732.73711559853
3,122,tun48,PR-30 (MP48),2047,1729.64484568555
3,122,tun48,PR-30 (MP48),2048,1495.67579741838
3,122,tun48,PR-30 (MP48),2049,1046.97305624165
3,122,tun48,PR-30 (MP48),2050,1118.06861629208
1,130,tun48,PR-30 (MP48),2026,969.499999910334
1,130,tun48,PR-30 (MP48),2027,726.570475123224
1,130,tun48,PR-30 (MP48),2028,508.599331562663
1,130,tun48,PR-30 (MP48),2029,608.262873344325
1,130,tun48,PR-30 (MP48),2030,729.915447072133
1,130,tun48,PR-30 (MP48),2031,875.898535188127
1,130,tun48,PR-30 (MP48),2032,1051.07823573661
1,130,tun48,PR-30 (MP48),2033,1261.29385925138
1,130,tun48,PR-30 (MP48),2034,1513.55267617807
1,130,tun48,PR-30 (MP48),2035,1816.26321141369
1,130,tun48,PR-30 (MP48),2036,1967.63482137636
1,130,tun48,PR-30 (MP48),2037,2033.73596491742
1,130,tun48,PR-30 (MP48),2038,2059.54454796276
1,130,tun48,PR-30 (MP48),2039,2110.78519680915
1,130,tun48,PR-30 (MP48),2040,1935.57965215714
1,130,tun48,PR-30 (MP48),2041,1663.44782207409
1,130,tun48,PR-30 (MP48),2042,1612.69047618533
1,130,tun48,PR-30 (MP48),2043,1530.81351120851
1,130,tun48,PR-30 (MP48),2044,1278.35472594964
1,130,tun48,PR-30 (MP48),2045,894.848307967025
1,130,tun48,PR-30 (MP48),2046,626.393815910402
1,130,tun48,PR-30 (MP48),2047,438.475671164302
1,130,tun48,PR-30 (MP48),2048,306.932969815073
1,130,tun48,PR-30 (MP48),2049,270.057364284193
1,130,tun48,PR-30 (MP48),2050,270.000195318173
4,308,tun48,PR-30 (MP48),2026,969.499999991979
4,308,tun48,PR-30 (MP48),2027,726.570385769919
4,308,tun48,PR-30 (MP48),2028,871.884487688427
4,308,tun48,PR-30 (MP48),2029,1046.26138522611
4,308,tun48,PR-30 (MP48),2030,1255.51366227124
4,308,tun48,PR-30 (MP48),2031,1506.61639472559
4,308,tun48,PR-30 (MP48),2032,1681.55716438107
4,308,tun48,PR-30 (MP48),2033,1675.81234515037
4,308,tun48,PR-30 (MP48),2034,1536.97358013429
4,308,tun48,PR-30 (MP48),2035,1075.88150609389
4,308,tun48,PR-30 (MP48),2036,753.117054215921
4,308,tun48,PR-30 (MP48),2037,527.181937986042
4,308,tun48,PR-30 (MP48),2038,369.027356587848
4,308,tun48,PR-30 (MP48),2039,270.700266096397
4,308,tun48,PR-30 (MP48),2040,210.017858717173
4,308,tun48,PR-30 (MP48),2041,1.00218900940925e-05
4,308,tun48,PR-30 (MP48),2042,1.00321726319066e-05
4,308,tun48,PR-30 (MP48),2043,1.00190673838379e-05
4,308,tun48,PR-30 (MP48),2044,1.01262924093566e-05
4,308,tun48,PR-30 (MP48),2045,1.00914051043752e-05
4,308,tun48,PR-30 (MP48),2046,1.01003229189551e-05
4,308,tun48,PR-30 (MP48),2047,1.01218499310376e-05
4,308,tun48,PR-30 (MP48),2048,1.01257299815863e-05
4,308,tun48,PR-30 (MP48),2049,1.01169755544585e-05
4,308,tun48,PR-30 (MP48),2050,1.01000815556884e-05
