scenario,cmp,period,iter,mean_sb_sbmsy
Reference OM,HS+20,Near term (2026–2035),100,1.7202083678802
Reference OM,HS+20,Near term (2026–2035),101,1.50561677019649
Reference OM,HS+20,Near term (2026–2035),102,1.16335253023871
Reference OM,HS+20,Near term (2026–2035),103,1.65965467320537
Reference OM,HS+20,Near term (2026–2035),104,1.56118161087437
Reference OM,HS+20,Near term (2026–2035),105,2.00196518616496
Reference OM,HS+20,Near term (2026–2035),106,1.71120579791337
Reference OM,HS+20,Near term (2026–2035),107,1.10725990361285
Reference OM,HS+20,Near term (2026–2035),108,1.26833217786728
Reference OM,HS+20,Near term (2026–2035),109,1.38077247400554
Reference OM,HS+20,Near term (2026–2035),110,1.12206993804235
Reference OM,HS+20,Near term (2026–2035),111,1.12128812121192
Reference OM,HS+20,Near term (2026–2035),112,1.90773102790826
Reference OM,HS+20,Near term (2026–2035),113,1.34889289161507
Reference OM,HS+20,Near term (2026–2035),114,1.67418379670937
Reference OM,HS+20,Near term (2026–2035),115,1.62321678835931
Reference OM,HS+20,Near term (2026–2035),116,1.67457281698411
Reference OM,HS+20,Near term (2026–2035),117,1.72636025369749
Reference OM,HS+20,Near term (2026–2035),118,1.02724554662264
Reference OM,HS+20,Near term (2026–2035),119,1.20242246819455
Reference OM,HS+20,Near term (2026–2035),120,2.78935659458505
Reference OM,HS+20,Near term (2026–2035),121,1.23800066015615
Reference OM,HS+20,Near term (2026–2035),122,1.06835334531207
Reference OM,HS+20,Near term (2026–2035),123,1.30692263236204
Reference OM,HS+20,Near term (2026–2035),124,1.23941684427431
Reference OM,HS+20,Near term (2026–2035),125,1.15741847407063
Reference OM,HS+20,Near term (2026–2035),126,0.927663129472153
Reference OM,HS+20,Near term (2026–2035),127,1.07550145234241
Reference OM,HS+20,Near term (2026–2035),128,0.929649794089811
Reference OM,HS+20,Near term (2026–2035),129,1.42530736571645
Reference OM,HS+20,Near term (2026–2035),130,1.00390332710499
Reference OM,HS+20,Near term (2026–2035),131,1.44988342003183
Reference OM,HS+20,Near term (2026–2035),132,1.20622412487541
Reference OM,HS+20,Near term (2026–2035),133,0.901365727108027
Reference OM,HS+20,Near term (2026–2035),134,1.55410977272043
Reference OM,HS+20,Near term (2026–2035),135,1.68391739365247
Reference OM,HS+20,Near term (2026–2035),136,1.31312321771918
Reference OM,HS+20,Near term (2026–2035),137,1.64630659157621
Reference OM,HS+20,Near term (2026–2035),138,0.669900809581808
Reference OM,HS+20,Near term (2026–2035),139,1.9370942931299
Reference OM,HS+20,Near term (2026–2035),140,1.18278027798904
Reference OM,HS+20,Near term (2026–2035),141,1.45446043415058
Reference OM,HS+20,Near term (2026–2035),142,0.821963746742589
Reference OM,HS+20,Near term (2026–2035),143,1.37660418395866
Reference OM,HS+20,Near term (2026–2035),144,1.57748844906735
Reference OM,HS+20,Near term (2026–2035),145,1.27672564384925
Reference OM,HS+20,Near term (2026–2035),146,1.48784478621022
Reference OM,HS+20,Near term (2026–2035),147,1.65475215204444
Reference OM,HS+20,Near term (2026–2035),148,1.52772585226758
Reference OM,HS+20,Near term (2026–2035),149,0.887678634318669
Reference OM,HS+20,Near term (2026–2035),150,1.51850261397576
Reference OM,HS+20,Near term (2026–2035),151,1.10938577796024
Reference OM,HS+20,Near term (2026–2035),152,1.18833720452136
Reference OM,HS+20,Near term (2026–2035),153,0.835063911146852
Reference OM,HS+20,Near term (2026–2035),154,1.67044925789221
Reference OM,HS+20,Near term (2026–2035),155,1.41698993902088
Reference OM,HS+20,Near term (2026–2035),156,1.58214048871774
Reference OM,HS+20,Near term (2026–2035),157,1.41296891749104
Reference OM,HS+20,Near term (2026–2035),158,1.69187238744238
Reference OM,HS+20,Near term (2026–2035),159,1.50291421249257
Reference OM,HS+20,Near term (2026–2035),160,1.60572231926854
Reference OM,HS+20,Near term (2026–2035),161,1.61498305618839
Reference OM,HS+20,Near term (2026–2035),162,1.08754167161803
Reference OM,HS+20,Near term (2026–2035),163,1.14081787585032
Reference OM,HS+20,Near term (2026–2035),164,1.30503706470969
Reference OM,HS+20,Near term (2026–2035),165,1.31616375231103
Reference OM,HS+20,Near term (2026–2035),166,1.22980868156697
Reference OM,HS+20,Near term (2026–2035),167,1.86881688302889
Reference OM,HS+20,Near term (2026–2035),168,1.38550368652152
Reference OM,HS+20,Near term (2026–2035),169,1.04623083029862
Reference OM,HS+20,Near term (2026–2035),170,0.886820867481945
Reference OM,HS+20,Near term (2026–2035),171,1.43003414380735
Reference OM,HS+20,Near term (2026–2035),172,1.23643186819875
Reference OM,HS+20,Near term (2026–2035),173,1.26345189163147
Reference OM,HS+20,Near term (2026–2035),174,0.981974616162701
Reference OM,HS+20,Near term (2026–2035),175,1.55878413387054
Reference OM,HS+20,Near term (2026–2035),176,1.18128266664708
Reference OM,HS+20,Near term (2026–2035),177,1.04034398253716
Reference OM,HS+20,Near term (2026–2035),178,1.62939494316929
Reference OM,HS+20,Near term (2026–2035),179,0.858863434965281
Reference OM,HS+20,Near term (2026–2035),180,1.45858788409528
Reference OM,HS+20,Near term (2026–2035),181,1.44056295445438
Reference OM,HS+20,Near term (2026–2035),182,1.03705675904833
Reference OM,HS+20,Near term (2026–2035),183,1.67504421613372
Reference OM,HS+20,Near term (2026–2035),184,0.832470589986859
Reference OM,HS+20,Near term (2026–2035),185,1.12951027080001
Reference OM,HS+20,Near term (2026–2035),186,0.514723230919813
Reference OM,HS+20,Near term (2026–2035),187,2.04853831491674
Reference OM,HS+20,Near term (2026–2035),188,0.727761455590327
Reference OM,HS+20,Near term (2026–2035),189,1.34862152668272
Reference OM,HS+20,Near term (2026–2035),190,1.21854340434945
Reference OM,HS+20,Near term (2026–2035),191,1.04855403136066
Reference OM,HS+20,Near term (2026–2035),192,1.67925715223661
Reference OM,HS+20,Near term (2026–2035),193,1.24719195700285
Reference OM,HS+20,Near term (2026–2035),194,1.69757806200308
Reference OM,HS+20,Near term (2026–2035),195,1.10215740862076
Reference OM,HS+20,Near term (2026–2035),196,1.21372315855533
Reference OM,HS+20,Near term (2026–2035),197,0.790607517506796
Reference OM,HS+20,Near term (2026–2035),198,1.53891702746044
Reference OM,HS+20,Near term (2026–2035),199,1.05819922495408
Reference OM,HS+20,Long term (2041–2050),100,0.748244583400109
Reference OM,HS+20,Long term (2041–2050),101,1.53358616385755
Reference OM,HS+20,Long term (2041–2050),102,1.04667061844975
Reference OM,HS+20,Long term (2041–2050),103,1.38608776967996
Reference OM,HS+20,Long term (2041–2050),104,1.02776094857533
Reference OM,HS+20,Long term (2041–2050),105,2.40738296973613
Reference OM,HS+20,Long term (2041–2050),106,1.32602438963199
Reference OM,HS+20,Long term (2041–2050),107,1.34684354253256
Reference OM,HS+20,Long term (2041–2050),108,0.879210768582207
Reference OM,HS+20,Long term (2041–2050),109,1.08587556966074
Reference OM,HS+20,Long term (2041–2050),110,0.631066785291614
Reference OM,HS+20,Long term (2041–2050),111,0.962247768329728
Reference OM,HS+20,Long term (2041–2050),112,2.32612690290054
Reference OM,HS+20,Long term (2041–2050),113,1.65450476926106
Reference OM,HS+20,Long term (2041–2050),114,1.72947426172252
Reference OM,HS+20,Long term (2041–2050),115,1.54759684769757
Reference OM,HS+20,Long term (2041–2050),116,1.77482731767103
Reference OM,HS+20,Long term (2041–2050),117,1.18172689064775
Reference OM,HS+20,Long term (2041–2050),118,1.67078382901794
Reference OM,HS+20,Long term (2041–2050),119,1.07856816874849
Reference OM,HS+20,Long term (2041–2050),120,1.35333837248698
Reference OM,HS+20,Long term (2041–2050),121,1.71948840565611
Reference OM,HS+20,Long term (2041–2050),122,1.62429364959585
Reference OM,HS+20,Long term (2041–2050),123,0.846777183430864
Reference OM,HS+20,Long term (2041–2050),124,0.963048775067907
Reference OM,HS+20,Long term (2041–2050),125,1.16807745766463
Reference OM,HS+20,Long term (2041–2050),126,0.536159424942472
Reference OM,HS+20,Long term (2041–2050),127,2.26246524464489
Reference OM,HS+20,Long term (2041–2050),128,0.934575967976358
Reference OM,HS+20,Long term (2041–2050),129,1.40719590471033
Reference OM,HS+20,Long term (2041–2050),130,1.9622907696613
Reference OM,HS+20,Long term (2041–2050),131,1.3263653126362
Reference OM,HS+20,Long term (2041–2050),132,1.84106270505262
Reference OM,HS+20,Long term (2041–2050),133,1.10819648495278
Reference OM,HS+20,Long term (2041–2050),134,1.43533752467245
Reference OM,HS+20,Long term (2041–2050),135,1.78590083613226
Reference OM,HS+20,Long term (2041–2050),136,0.802626870659472
Reference OM,HS+20,Long term (2041–2050),137,2.51120689044033
Reference OM,HS+20,Long term (2041–2050),138,1.15931852153284
Reference OM,HS+20,Long term (2041–2050),139,1.39233867294249
Reference OM,HS+20,Long term (2041–2050),140,1.33992925998263
Reference OM,HS+20,Long term (2041–2050),141,1.24764417335649
Reference OM,HS+20,Long term (2041–2050),142,2.15180004322482
Reference OM,HS+20,Long term (2041–2050),143,1.42079402382434
Reference OM,HS+20,Long term (2041–2050),144,1.07987571341589
Reference OM,HS+20,Long term (2041–2050),145,0.940846792975589
Reference OM,HS+20,Long term (2041–2050),146,1.46303258770066
Reference OM,HS+20,Long term (2041–2050),147,1.38828348342379
Reference OM,HS+20,Long term (2041–2050),148,2.40755440090819
Reference OM,HS+20,Long term (2041–2050),149,1.13219134845805
Reference OM,HS+20,Long term (2041–2050),150,1.64453053887383
Reference OM,HS+20,Long term (2041–2050),151,0.874847191591532
Reference OM,HS+20,Long term (2041–2050),152,1.41518468123589
Reference OM,HS+20,Long term (2041–2050),153,0.818045325194125
Reference OM,HS+20,Long term (2041–2050),154,3.51808493337944
Reference OM,HS+20,Long term (2041–2050),155,1.29118105295786
Reference OM,HS+20,Long term (2041–2050),156,0.955692483994094
Reference OM,HS+20,Long term (2041–2050),157,0.77841719265321
Reference OM,HS+20,Long term (2041–2050),158,1.03531905667833
Reference OM,HS+20,Long term (2041–2050),159,1.86957297937456
Reference OM,HS+20,Long term (2041–2050),160,1.50000637151075
Reference OM,HS+20,Long term (2041–2050),161,0.904798590863854
Reference OM,HS+20,Long term (2041–2050),162,0.968505237140098
Reference OM,HS+20,Long term (2041–2050),163,1.1799453872502
Reference OM,HS+20,Long term (2041–2050),164,1.95611057181662
Reference OM,HS+20,Long term (2041–2050),165,0.766516401289978
Reference OM,HS+20,Long term (2041–2050),166,0.93323067524641
Reference OM,HS+20,Long term (2041–2050),167,2.83614256126264
Reference OM,HS+20,Long term (2041–2050),168,0.761389991012079
Reference OM,HS+20,Long term (2041–2050),169,1.58169741987339
Reference OM,HS+20,Long term (2041–2050),170,1.19896986624351
Reference OM,HS+20,Long term (2041–2050),171,1.14282757460036
Reference OM,HS+20,Long term (2041–2050),172,1.96928518538828
Reference OM,HS+20,Long term (2041–2050),173,1.1924901951483
Reference OM,HS+20,Long term (2041–2050),174,0.938025657839885
Reference OM,HS+20,Long term (2041–2050),175,0.981147309719811
Reference OM,HS+20,Long term (2041–2050),176,2.18440355867366
Reference OM,HS+20,Long term (2041–2050),177,1.62582578404372
Reference OM,HS+20,Long term (2041–2050),178,1.32099848460478
Reference OM,HS+20,Long term (2041–2050),179,1.41867358708171
Reference OM,HS+20,Long term (2041–2050),180,1.50119336996799
Reference OM,HS+20,Long term (2041–2050),181,2.02844615077617
Reference OM,HS+20,Long term (2041–2050),182,2.2985541462225
Reference OM,HS+20,Long term (2041–2050),183,0.566125456765171
Reference OM,HS+20,Long term (2041–2050),184,0.64688701923766
Reference OM,HS+20,Long term (2041–2050),185,0.979263083807473
Reference OM,HS+20,Long term (2041–2050),186,0.594833175886011
Reference OM,HS+20,Long term (2041–2050),187,1.26224739486828
Reference OM,HS+20,Long term (2041–2050),188,1.33263284621829
Reference OM,HS+20,Long term (2041–2050),189,0.956379196751929
Reference OM,HS+20,Long term (2041–2050),190,2.03055309712162
Reference OM,HS+20,Long term (2041–2050),191,0.659474702522726
Reference OM,HS+20,Long term (2041–2050),192,0.806324482563593
Reference OM,HS+20,Long term (2041–2050),193,0.926362721934555
Reference OM,HS+20,Long term (2041–2050),194,1.24654990792767
Reference OM,HS+20,Long term (2041–2050),195,0.986606411663572
Reference OM,HS+20,Long term (2041–2050),196,1.00285327994499
Reference OM,HS+20,Long term (2041–2050),197,0.485409670159617
Reference OM,HS+20,Long term (2041–2050),198,1.75400082284249
Reference OM,HS+20,Long term (2041–2050),199,2.88079338106634
Reference OM,PR+20,Near term (2026–2035),100,1.80895395268946
Reference OM,PR+20,Near term (2026–2035),101,1.53342115315193
Reference OM,PR+20,Near term (2026–2035),102,1.18743003613129
Reference OM,PR+20,Near term (2026–2035),103,1.70652415074436
Reference OM,PR+20,Near term (2026–2035),104,1.61034232432966
Reference OM,PR+20,Near term (2026–2035),105,1.9579643821761
Reference OM,PR+20,Near term (2026–2035),106,1.73031862325099
Reference OM,PR+20,Near term (2026–2035),107,1.12983076086958
Reference OM,PR+20,Near term (2026–2035),108,1.32498101260462
Reference OM,PR+20,Near term (2026–2035),109,1.40800974893297
Reference OM,PR+20,Near term (2026–2035),110,1.16467684920986
Reference OM,PR+20,Near term (2026–2035),111,1.1702476508571
Reference OM,PR+20,Near term (2026–2035),112,1.91573461402099
Reference OM,PR+20,Near term (2026–2035),113,1.4138668082829
Reference OM,PR+20,Near term (2026–2035),114,1.71220836360639
Reference OM,PR+20,Near term (2026–2035),115,1.68429773046262
Reference OM,PR+20,Near term (2026–2035),116,1.70561419680402
Reference OM,PR+20,Near term (2026–2035),117,1.76993731781687
Reference OM,PR+20,Near term (2026–2035),118,1.06372918800625
Reference OM,PR+20,Near term (2026–2035),119,1.24419676405061
Reference OM,PR+20,Near term (2026–2035),120,2.79135674085988
Reference OM,PR+20,Near term (2026–2035),121,1.29902849970084
Reference OM,PR+20,Near term (2026–2035),122,1.1521538404081
Reference OM,PR+20,Near term (2026–2035),123,1.39042384573248
Reference OM,PR+20,Near term (2026–2035),124,1.27725153835574
Reference OM,PR+20,Near term (2026–2035),125,1.19218815555238
Reference OM,PR+20,Near term (2026–2035),126,0.888522668832023
Reference OM,PR+20,Near term (2026–2035),127,1.09266099680809
Reference OM,PR+20,Near term (2026–2035),128,0.973066748272005
Reference OM,PR+20,Near term (2026–2035),129,1.48357984090673
Reference OM,PR+20,Near term (2026–2035),130,1.06104828528806
Reference OM,PR+20,Near term (2026–2035),131,1.46638995199974
Reference OM,PR+20,Near term (2026–2035),132,1.24784151205821
Reference OM,PR+20,Near term (2026–2035),133,1.00872785472084
Reference OM,PR+20,Near term (2026–2035),134,1.58456742644093
Reference OM,PR+20,Near term (2026–2035),135,1.73401692804743
Reference OM,PR+20,Near term (2026–2035),136,1.32223259267044
Reference OM,PR+20,Near term (2026–2035),137,1.72379499666715
Reference OM,PR+20,Near term (2026–2035),138,0.84369263297283
Reference OM,PR+20,Near term (2026–2035),139,1.98313831272532
Reference OM,PR+20,Near term (2026–2035),140,1.15510010166047
Reference OM,PR+20,Near term (2026–2035),141,1.49590225975707
Reference OM,PR+20,Near term (2026–2035),142,0.872193898268394
Reference OM,PR+20,Near term (2026–2035),143,1.43169766664159
Reference OM,PR+20,Near term (2026–2035),144,1.68480726441844
Reference OM,PR+20,Near term (2026–2035),145,1.31894922131816
Reference OM,PR+20,Near term (2026–2035),146,1.48235646830768
Reference OM,PR+20,Near term (2026–2035),147,1.70158807582634
Reference OM,PR+20,Near term (2026–2035),148,1.54683995203234
Reference OM,PR+20,Near term (2026–2035),149,0.919027630643228
Reference OM,PR+20,Near term (2026–2035),150,1.55916775724647
Reference OM,PR+20,Near term (2026–2035),151,1.23402860619844
Reference OM,PR+20,Near term (2026–2035),152,1.23141659700709
Reference OM,PR+20,Near term (2026–2035),153,0.872621271019895
Reference OM,PR+20,Near term (2026–2035),154,1.70202372657202
Reference OM,PR+20,Near term (2026–2035),155,1.47538477216122
Reference OM,PR+20,Near term (2026–2035),156,1.62897007986568
Reference OM,PR+20,Near term (2026–2035),157,1.4461485331738
Reference OM,PR+20,Near term (2026–2035),158,1.75067583103212
Reference OM,PR+20,Near term (2026–2035),159,1.54333351431102
Reference OM,PR+20,Near term (2026–2035),160,1.63645733717873
Reference OM,PR+20,Near term (2026–2035),161,1.6435059358408
Reference OM,PR+20,Near term (2026–2035),162,1.14728215874094
Reference OM,PR+20,Near term (2026–2035),163,1.2064868335372
Reference OM,PR+20,Near term (2026–2035),164,1.34530629898396
Reference OM,PR+20,Near term (2026–2035),165,1.34243546078483
Reference OM,PR+20,Near term (2026–2035),166,1.26624929301623
Reference OM,PR+20,Near term (2026–2035),167,1.92049100461806
Reference OM,PR+20,Near term (2026–2035),168,1.51149250846142
Reference OM,PR+20,Near term (2026–2035),169,1.06144713293685
Reference OM,PR+20,Near term (2026–2035),170,0.919416636639738
Reference OM,PR+20,Near term (2026–2035),171,1.49746666853841
Reference OM,PR+20,Near term (2026–2035),172,1.2749468104122
Reference OM,PR+20,Near term (2026–2035),173,1.29075860790724
Reference OM,PR+20,Near term (2026–2035),174,1.02631660402495
Reference OM,PR+20,Near term (2026–2035),175,1.67544264554556
Reference OM,PR+20,Near term (2026–2035),176,1.31558886825771
Reference OM,PR+20,Near term (2026–2035),177,1.1247199792346
Reference OM,PR+20,Near term (2026–2035),178,1.6758636928525
Reference OM,PR+20,Near term (2026–2035),179,0.894588659620067
Reference OM,PR+20,Near term (2026–2035),180,1.49528364219146
Reference OM,PR+20,Near term (2026–2035),181,1.47444158751358
Reference OM,PR+20,Near term (2026–2035),182,1.07295923071402
Reference OM,PR+20,Near term (2026–2035),183,1.72840359968971
Reference OM,PR+20,Near term (2026–2035),184,0.850032197888331
Reference OM,PR+20,Near term (2026–2035),185,1.19601895139322
Reference OM,PR+20,Near term (2026–2035),186,0.593440993771139
Reference OM,PR+20,Near term (2026–2035),187,2.13179929483945
Reference OM,PR+20,Near term (2026–2035),188,0.759538858380698
Reference OM,PR+20,Near term (2026–2035),189,1.37614816224666
Reference OM,PR+20,Near term (2026–2035),190,1.29603579650006
Reference OM,PR+20,Near term (2026–2035),191,1.06910463865199
Reference OM,PR+20,Near term (2026–2035),192,1.72557120692051
Reference OM,PR+20,Near term (2026–2035),193,1.31886757206494
Reference OM,PR+20,Near term (2026–2035),194,1.75314897509615
Reference OM,PR+20,Near term (2026–2035),195,1.1334905941301
Reference OM,PR+20,Near term (2026–2035),196,1.30056710127864
Reference OM,PR+20,Near term (2026–2035),197,0.845084425013755
Reference OM,PR+20,Near term (2026–2035),198,1.5983734400652
Reference OM,PR+20,Near term (2026–2035),199,0.859302432511389
Reference OM,PR+20,Long term (2041–2050),100,0.712521853197678
Reference OM,PR+20,Long term (2041–2050),101,1.4934135906782
Reference OM,PR+20,Long term (2041–2050),102,1.09405311020176
Reference OM,PR+20,Long term (2041–2050),103,1.41836170105936
Reference OM,PR+20,Long term (2041–2050),104,1.26738421203919
Reference OM,PR+20,Long term (2041–2050),105,1.43020887924057
Reference OM,PR+20,Long term (2041–2050),106,1.24589377341043
Reference OM,PR+20,Long term (2041–2050),107,1.3332941273938
Reference OM,PR+20,Long term (2041–2050),108,0.953941126765786
Reference OM,PR+20,Long term (2041–2050),109,1.07725135865809
Reference OM,PR+20,Long term (2041–2050),110,0.804177126447631
Reference OM,PR+20,Long term (2041–2050),111,0.980366807656643
Reference OM,PR+20,Long term (2041–2050),112,1.83562519060119
Reference OM,PR+20,Long term (2041–2050),113,1.4952536216632
Reference OM,PR+20,Long term (2041–2050),114,1.55290629534803
Reference OM,PR+20,Long term (2041–2050),115,1.59436244865117
Reference OM,PR+20,Long term (2041–2050),116,1.84172926953785
Reference OM,PR+20,Long term (2041–2050),117,1.01402051483773
Reference OM,PR+20,Long term (2041–2050),118,1.67080487943967
Reference OM,PR+20,Long term (2041–2050),119,1.01281108089008
Reference OM,PR+20,Long term (2041–2050),120,0.783255617277534
Reference OM,PR+20,Long term (2041–2050),121,1.72331358852848
Reference OM,PR+20,Long term (2041–2050),122,1.5734025248817
Reference OM,PR+20,Long term (2041–2050),123,1.04863728569848
Reference OM,PR+20,Long term (2041–2050),124,0.994212623798075
Reference OM,PR+20,Long term (2041–2050),125,0.912237425555046
Reference OM,PR+20,Long term (2041–2050),126,0.618380781574421
Reference OM,PR+20,Long term (2041–2050),127,1.95043358955879
Reference OM,PR+20,Long term (2041–2050),128,0.985008643030139
Reference OM,PR+20,Long term (2041–2050),129,1.41224342508587
Reference OM,PR+20,Long term (2041–2050),130,1.84933945101037
Reference OM,PR+20,Long term (2041–2050),131,1.31160563191351
Reference OM,PR+20,Long term (2041–2050),132,1.88050731160839
Reference OM,PR+20,Long term (2041–2050),133,1.12832456397879
Reference OM,PR+20,Long term (2041–2050),134,1.63762124701104
Reference OM,PR+20,Long term (2041–2050),135,1.22071256742508
Reference OM,PR+20,Long term (2041–2050),136,1.14864456851104
Reference OM,PR+20,Long term (2041–2050),137,2.33119260982364
Reference OM,PR+20,Long term (2041–2050),138,1.18341944233798
Reference OM,PR+20,Long term (2041–2050),139,1.24633770680148
Reference OM,PR+20,Long term (2041–2050),140,1.12015576495343
Reference OM,PR+20,Long term (2041–2050),141,1.29989327190582
Reference OM,PR+20,Long term (2041–2050),142,2.10252996724113
Reference OM,PR+20,Long term (2041–2050),143,1.46391432363289
Reference OM,PR+20,Long term (2041–2050),144,1.08712611314583
Reference OM,PR+20,Long term (2041–2050),145,0.868600154080974
Reference OM,PR+20,Long term (2041–2050),146,0.736531493313247
Reference OM,PR+20,Long term (2041–2050),147,0.876520928127884
Reference OM,PR+20,Long term (2041–2050),148,1.69210040014313
Reference OM,PR+20,Long term (2041–2050),149,1.19295389101413
Reference OM,PR+20,Long term (2041–2050),150,1.72402323399042
Reference OM,PR+20,Long term (2041–2050),151,0.887577604167929
Reference OM,PR+20,Long term (2041–2050),152,1.2632052866655
Reference OM,PR+20,Long term (2041–2050),153,0.955296835760401
Reference OM,PR+20,Long term (2041–2050),154,2.9799446216304
Reference OM,PR+20,Long term (2041–2050),155,1.31288849926242
Reference OM,PR+20,Long term (2041–2050),156,1.05566322486926
Reference OM,PR+20,Long term (2041–2050),157,0.922536068522469
Reference OM,PR+20,Long term (2041–2050),158,1.21084580020389
Reference OM,PR+20,Long term (2041–2050),159,1.86918427015468
Reference OM,PR+20,Long term (2041–2050),160,1.04089106761192
Reference OM,PR+20,Long term (2041–2050),161,0.898311095931642
Reference OM,PR+20,Long term (2041–2050),162,1.08213766406419
Reference OM,PR+20,Long term (2041–2050),163,1.25202747488823
Reference OM,PR+20,Long term (2041–2050),164,1.84657257611214
Reference OM,PR+20,Long term (2041–2050),165,0.94602071503581
Reference OM,PR+20,Long term (2041–2050),166,0.990376056887463
Reference OM,PR+20,Long term (2041–2050),167,2.24084236360218
Reference OM,PR+20,Long term (2041–2050),168,1.09969546280241
Reference OM,PR+20,Long term (2041–2050),169,1.43893374836608
Reference OM,PR+20,Long term (2041–2050),170,1.32831625066154
Reference OM,PR+20,Long term (2041–2050),171,1.16713080615942
Reference OM,PR+20,Long term (2041–2050),172,1.63335911449582
Reference OM,PR+20,Long term (2041–2050),173,1.21763522660069
Reference OM,PR+20,Long term (2041–2050),174,0.950613388640356
Reference OM,PR+20,Long term (2041–2050),175,1.07216108769986
Reference OM,PR+20,Long term (2041–2050),176,2.21553062665643
Reference OM,PR+20,Long term (2041–2050),177,1.62173084198647
Reference OM,PR+20,Long term (2041–2050),178,1.34898119700447
Reference OM,PR+20,Long term (2041–2050),179,1.40394400102319
Reference OM,PR+20,Long term (2041–2050),180,1.52887662466451
Reference OM,PR+20,Long term (2041–2050),181,1.92973671333001
Reference OM,PR+20,Long term (2041–2050),182,1.98396142580641
Reference OM,PR+20,Long term (2041–2050),183,0.823166991230859
Reference OM,PR+20,Long term (2041–2050),184,0.703243976858531
Reference OM,PR+20,Long term (2041–2050),185,1.00730330301347
Reference OM,PR+20,Long term (2041–2050),186,0.659458304031022
Reference OM,PR+20,Long term (2041–2050),187,0.7744831832087
Reference OM,PR+20,Long term (2041–2050),188,1.32721672130891
Reference OM,PR+20,Long term (2041–2050),189,0.737508246977374
Reference OM,PR+20,Long term (2041–2050),190,2.03266118915724
Reference OM,PR+20,Long term (2041–2050),191,0.695782987362059
Reference OM,PR+20,Long term (2041–2050),192,0.838993673990597
Reference OM,PR+20,Long term (2041–2050),193,1.06437856275764
Reference OM,PR+20,Long term (2041–2050),194,1.2369453423812
Reference OM,PR+20,Long term (2041–2050),195,1.01405449538819
Reference OM,PR+20,Long term (2041–2050),196,0.984693884311017
Reference OM,PR+20,Long term (2041–2050),197,0.75897706346452
Reference OM,PR+20,Long term (2041–2050),198,1.74032274011024
Reference OM,PR+20,Long term (2041–2050),199,2.70361336601309
Low recruitment,HS+20,Near term (2026–2035),100,1.37041247768821
Low recruitment,HS+20,Near term (2026–2035),101,0.891695216263189
Low recruitment,HS+20,Near term (2026–2035),102,1.11250336434092
Low recruitment,HS+20,Near term (2026–2035),103,1.18894431130742
Low recruitment,HS+20,Near term (2026–2035),104,1.32662396809529
Low recruitment,HS+20,Near term (2026–2035),105,1.15304586967234
Low recruitment,HS+20,Near term (2026–2035),106,1.16253926222401
Low recruitment,HS+20,Near term (2026–2035),107,0.729786336531715
Low recruitment,HS+20,Near term (2026–2035),108,1.13722879201045
Low recruitment,HS+20,Near term (2026–2035),109,1.23774725761717
Low recruitment,HS+20,Near term (2026–2035),110,1.20392509343872
Low recruitment,HS+20,Near term (2026–2035),111,1.15581612413623
Low recruitment,HS+20,Near term (2026–2035),112,1.2172475686857
Low recruitment,HS+20,Near term (2026–2035),113,1.25138654572843
Low recruitment,HS+20,Near term (2026–2035),114,1.50723049440433
Low recruitment,HS+20,Near term (2026–2035),115,1.44888113671284
Low recruitment,HS+20,Near term (2026–2035),116,1.19155660317684
Low recruitment,HS+20,Near term (2026–2035),117,1.8062958256067
Low recruitment,HS+20,Near term (2026–2035),118,1.08559169332311
Low recruitment,HS+20,Near term (2026–2035),119,0.741407587265034
Low recruitment,HS+20,Near term (2026–2035),120,1.83165123849684
Low recruitment,HS+20,Near term (2026–2035),121,1.12974912220253
Low recruitment,HS+20,Near term (2026–2035),122,0.895171528638395
Low recruitment,HS+20,Near term (2026–2035),123,1.36048945954813
Low recruitment,HS+20,Near term (2026–2035),124,1.15288518472982
Low recruitment,HS+20,Near term (2026–2035),125,0.604746200478024
Low recruitment,HS+20,Near term (2026–2035),126,0.501166802184903
Low recruitment,HS+20,Near term (2026–2035),127,0.950700458736784
Low recruitment,HS+20,Near term (2026–2035),128,0.701076631319519
Low recruitment,HS+20,Near term (2026–2035),129,1.29287789387584
Low recruitment,HS+20,Near term (2026–2035),130,1.22506041705791
Low recruitment,HS+20,Near term (2026–2035),131,1.12062035362602
Low recruitment,HS+20,Near term (2026–2035),132,1.49866794050605
Low recruitment,HS+20,Near term (2026–2035),133,1.0039011406488
Low recruitment,HS+20,Near term (2026–2035),134,2.27634468634742
Low recruitment,HS+20,Near term (2026–2035),135,1.00157678221265
Low recruitment,HS+20,Near term (2026–2035),136,1.1275610117042
Low recruitment,HS+20,Near term (2026–2035),137,1.13122922946404
Low recruitment,HS+20,Near term (2026–2035),138,0.694851593365169
Low recruitment,HS+20,Near term (2026–2035),139,1.92604846355143
Low recruitment,HS+20,Near term (2026–2035),140,0.95621021920169
Low recruitment,HS+20,Near term (2026–2035),141,1.39658204916922
Low recruitment,HS+20,Near term (2026–2035),142,0.905968721555477
Low recruitment,HS+20,Near term (2026–2035),143,1.19258344218539
Low recruitment,HS+20,Near term (2026–2035),144,1.29956536265874
Low recruitment,HS+20,Near term (2026–2035),145,1.13318979078592
Low recruitment,HS+20,Near term (2026–2035),146,1.25711388719421
Low recruitment,HS+20,Near term (2026–2035),147,1.4897421522761
Low recruitment,HS+20,Near term (2026–2035),148,1.73144192727858
Low recruitment,HS+20,Near term (2026–2035),149,1.58107394998202
Low recruitment,HS+20,Near term (2026–2035),150,1.36378382373716
Low recruitment,HS+20,Near term (2026–2035),151,1.17926002083934
Low recruitment,HS+20,Near term (2026–2035),152,0.793374822036843
Low recruitment,HS+20,Near term (2026–2035),153,0.589239821760858
Low recruitment,HS+20,Near term (2026–2035),154,1.5009887205303
Low recruitment,HS+20,Near term (2026–2035),155,1.48993720798165
Low recruitment,HS+20,Near term (2026–2035),156,0.838882774662941
Low recruitment,HS+20,Near term (2026–2035),157,1.53845734016267
Low recruitment,HS+20,Near term (2026–2035),158,1.83464001703299
Low recruitment,HS+20,Near term (2026–2035),159,1.80194050385594
Low recruitment,HS+20,Near term (2026–2035),160,1.24176871897189
Low recruitment,HS+20,Near term (2026–2035),161,0.908251832191761
Low recruitment,HS+20,Near term (2026–2035),162,1.00061368231986
Low recruitment,HS+20,Near term (2026–2035),163,1.30837288554117
Low recruitment,HS+20,Near term (2026–2035),164,1.41264875672465
Low recruitment,HS+20,Near term (2026–2035),165,1.61347312665691
Low recruitment,HS+20,Near term (2026–2035),166,0.8608766627095
Low recruitment,HS+20,Near term (2026–2035),167,1.99624122679887
Low recruitment,HS+20,Near term (2026–2035),168,1.34037399057188
Low recruitment,HS+20,Near term (2026–2035),169,0.724602308552556
Low recruitment,HS+20,Near term (2026–2035),170,1.07348722854559
Low recruitment,HS+20,Near term (2026–2035),171,1.36735435099427
Low recruitment,HS+20,Near term (2026–2035),172,0.6808240954227
Low recruitment,HS+20,Near term (2026–2035),173,1.08064244343729
Low recruitment,HS+20,Near term (2026–2035),174,0.934797339892367
Low recruitment,HS+20,Near term (2026–2035),175,1.70150721625081
Low recruitment,HS+20,Near term (2026–2035),176,0.977893105765327
Low recruitment,HS+20,Near term (2026–2035),177,0.97030980562755
Low recruitment,HS+20,Near term (2026–2035),178,1.38770696457718
Low recruitment,HS+20,Near term (2026–2035),179,0.853825999459846
Low recruitment,HS+20,Near term (2026–2035),180,1.27002466870583
Low recruitment,HS+20,Near term (2026–2035),181,1.28316657473921
Low recruitment,HS+20,Near term (2026–2035),182,1.25911430848779
Low recruitment,HS+20,Near term (2026–2035),183,1.15503911631754
Low recruitment,HS+20,Near term (2026–2035),184,1.37025505911398
Low recruitment,HS+20,Near term (2026–2035),185,1.3002204079579
Low recruitment,HS+20,Near term (2026–2035),186,0.746449027131748
Low recruitment,HS+20,Near term (2026–2035),187,1.96706904377668
Low recruitment,HS+20,Near term (2026–2035),188,1.55916716424382
Low recruitment,HS+20,Near term (2026–2035),189,0.71059946703109
Low recruitment,HS+20,Near term (2026–2035),190,0.869923467942528
Low recruitment,HS+20,Near term (2026–2035),191,0.89895100148291
Low recruitment,HS+20,Near term (2026–2035),192,0.858077806713603
Low recruitment,HS+20,Near term (2026–2035),193,1.0246086563496
Low recruitment,HS+20,Near term (2026–2035),194,1.18329439500792
Low recruitment,HS+20,Near term (2026–2035),195,1.15201598184643
Low recruitment,HS+20,Near term (2026–2035),196,1.0361505818548
Low recruitment,HS+20,Near term (2026–2035),197,1.24401236999164
Low recruitment,HS+20,Near term (2026–2035),198,1.26994614763542
Low recruitment,HS+20,Near term (2026–2035),199,0.730639020118963
Low recruitment,HS+20,Long term (2041–2050),100,1.58525039772417
Low recruitment,HS+20,Long term (2041–2050),101,0.585182888039736
Low recruitment,HS+20,Long term (2041–2050),102,1.04974069774073
Low recruitment,HS+20,Long term (2041–2050),103,1.07615259884348
Low recruitment,HS+20,Long term (2041–2050),104,1.0551737165863
Low recruitment,HS+20,Long term (2041–2050),105,0.660541747293246
Low recruitment,HS+20,Long term (2041–2050),106,1.01574542539554
Low recruitment,HS+20,Long term (2041–2050),107,1.18540086773513
Low recruitment,HS+20,Long term (2041–2050),108,0.961861003649023
Low recruitment,HS+20,Long term (2041–2050),109,0.769473098131747
Low recruitment,HS+20,Long term (2041–2050),110,1.11332554778601
Low recruitment,HS+20,Long term (2041–2050),111,1.96780523957786
Low recruitment,HS+20,Long term (2041–2050),112,0.925455116366194
Low recruitment,HS+20,Long term (2041–2050),113,0.470552472723716
Low recruitment,HS+20,Long term (2041–2050),114,1.15997233425483
Low recruitment,HS+20,Long term (2041–2050),115,1.14164832638245
Low recruitment,HS+20,Long term (2041–2050),116,0.735102152532301
Low recruitment,HS+20,Long term (2041–2050),117,0.89233803397025
Low recruitment,HS+20,Long term (2041–2050),118,1.4496971331517
Low recruitment,HS+20,Long term (2041–2050),119,0.952592535490846
Low recruitment,HS+20,Long term (2041–2050),120,1.2731696344097
Low recruitment,HS+20,Long term (2041–2050),121,1.06068302049327
Low recruitment,HS+20,Long term (2041–2050),122,1.75949557524542
Low recruitment,HS+20,Long term (2041–2050),123,1.35104810242206
Low recruitment,HS+20,Long term (2041–2050),124,0.956804671770247
Low recruitment,HS+20,Long term (2041–2050),125,0.897743306279079
Low recruitment,HS+20,Long term (2041–2050),126,0.657789820896216
Low recruitment,HS+20,Long term (2041–2050),127,1.16668067043218
Low recruitment,HS+20,Long term (2041–2050),128,1.12833676764606
Low recruitment,HS+20,Long term (2041–2050),129,1.24779095274428
Low recruitment,HS+20,Long term (2041–2050),130,1.30840787292447
Low recruitment,HS+20,Long term (2041–2050),131,1.66031095776359
Low recruitment,HS+20,Long term (2041–2050),132,1.06046738433022
Low recruitment,HS+20,Long term (2041–2050),133,0.735854068098041
Low recruitment,HS+20,Long term (2041–2050),134,1.59456186406514
Low recruitment,HS+20,Long term (2041–2050),135,0.678642414134528
Low recruitment,HS+20,Long term (2041–2050),136,0.633042568841787
Low recruitment,HS+20,Long term (2041–2050),137,1.64739959407502
Low recruitment,HS+20,Long term (2041–2050),138,0.83148625357358
Low recruitment,HS+20,Long term (2041–2050),139,1.35581705092769
Low recruitment,HS+20,Long term (2041–2050),140,1.55279789810887
Low recruitment,HS+20,Long term (2041–2050),141,1.2063808903411
Low recruitment,HS+20,Long term (2041–2050),142,0.98896096838282
Low recruitment,HS+20,Long term (2041–2050),143,0.6381896259012
Low recruitment,HS+20,Long term (2041–2050),144,0.800896540589982
Low recruitment,HS+20,Long term (2041–2050),145,0.934392999948429
Low recruitment,HS+20,Long term (2041–2050),146,0.91656917947571
Low recruitment,HS+20,Long term (2041–2050),147,0.204388468569666
Low recruitment,HS+20,Long term (2041–2050),148,2.65587546243682
Low recruitment,HS+20,Long term (2041–2050),149,1.05573562472371
Low recruitment,HS+20,Long term (2041–2050),150,0.667517565524106
Low recruitment,HS+20,Long term (2041–2050),151,0.983905117553814
Low recruitment,HS+20,Long term (2041–2050),152,1.45148349885302
Low recruitment,HS+20,Long term (2041–2050),153,0.532492165048769
Low recruitment,HS+20,Long term (2041–2050),154,1.56387723905024
Low recruitment,HS+20,Long term (2041–2050),155,1.1326396202872
Low recruitment,HS+20,Long term (2041–2050),156,1.22652475365885
Low recruitment,HS+20,Long term (2041–2050),157,1.04129366349666
Low recruitment,HS+20,Long term (2041–2050),158,0.654777303689351
Low recruitment,HS+20,Long term (2041–2050),159,1.91443873014497
Low recruitment,HS+20,Long term (2041–2050),160,0.702902523317357
Low recruitment,HS+20,Long term (2041–2050),161,1.27374176676874
Low recruitment,HS+20,Long term (2041–2050),162,0.643958768740665
Low recruitment,HS+20,Long term (2041–2050),163,0.64448667761812
Low recruitment,HS+20,Long term (2041–2050),164,0.911151716865694
Low recruitment,HS+20,Long term (2041–2050),165,1.08567812703656
Low recruitment,HS+20,Long term (2041–2050),166,0.379278379657277
Low recruitment,HS+20,Long term (2041–2050),167,1.35352322698055
Low recruitment,HS+20,Long term (2041–2050),168,0.70421407261616
Low recruitment,HS+20,Long term (2041–2050),169,2.17487794324731
Low recruitment,HS+20,Long term (2041–2050),170,0.986261460610893
Low recruitment,HS+20,Long term (2041–2050),171,0.959318239151856
Low recruitment,HS+20,Long term (2041–2050),172,1.51840082056225
Low recruitment,HS+20,Long term (2041–2050),173,0.519146064102299
Low recruitment,HS+20,Long term (2041–2050),174,0.879137647600479
Low recruitment,HS+20,Long term (2041–2050),175,0.522561049177123
Low recruitment,HS+20,Long term (2041–2050),176,1.12562789540182
Low recruitment,HS+20,Long term (2041–2050),177,1.73610569665971
Low recruitment,HS+20,Long term (2041–2050),178,0.952762761517586
Low recruitment,HS+20,Long term (2041–2050),179,1.18826831884136
Low recruitment,HS+20,Long term (2041–2050),180,0.965444485473951
Low recruitment,HS+20,Long term (2041–2050),181,1.20569549284281
Low recruitment,HS+20,Long term (2041–2050),182,1.53654239034737
Low recruitment,HS+20,Long term (2041–2050),183,0.63105146653092
Low recruitment,HS+20,Long term (2041–2050),184,2.15384875035053
Low recruitment,HS+20,Long term (2041–2050),185,1.38350440200393
Low recruitment,HS+20,Long term (2041–2050),186,1.16092048467339
Low recruitment,HS+20,Long term (2041–2050),187,1.89984506510029
Low recruitment,HS+20,Long term (2041–2050),188,1.57402381650779
Low recruitment,HS+20,Long term (2041–2050),189,1.18498135762997
Low recruitment,HS+20,Long term (2041–2050),190,1.12577493966493
Low recruitment,HS+20,Long term (2041–2050),191,1.14879772366448
Low recruitment,HS+20,Long term (2041–2050),192,1.10913752499815
Low recruitment,HS+20,Long term (2041–2050),193,1.27263353040982
Low recruitment,HS+20,Long term (2041–2050),194,0.687080158548124
Low recruitment,HS+20,Long term (2041–2050),195,0.705838601810639
Low recruitment,HS+20,Long term (2041–2050),196,1.402342646406
Low recruitment,HS+20,Long term (2041–2050),197,1.80001861892314
Low recruitment,HS+20,Long term (2041–2050),198,0.959380241039297
Low recruitment,HS+20,Long term (2041–2050),199,1.02549607036511
Low recruitment,PR+20,Near term (2026–2035),100,1.4543850905442
Low recruitment,PR+20,Near term (2026–2035),101,0.946364136209439
Low recruitment,PR+20,Near term (2026–2035),102,1.13335525685497
Low recruitment,PR+20,Near term (2026–2035),103,1.21821410561508
Low recruitment,PR+20,Near term (2026–2035),104,1.37721088514765
Low recruitment,PR+20,Near term (2026–2035),105,1.16334425161319
Low recruitment,PR+20,Near term (2026–2035),106,1.17873088404718
Low recruitment,PR+20,Near term (2026–2035),107,0.766306055526417
Low recruitment,PR+20,Near term (2026–2035),108,1.1935322459895
Low recruitment,PR+20,Near term (2026–2035),109,1.26524926977978
Low recruitment,PR+20,Near term (2026–2035),110,1.24916893939079
Low recruitment,PR+20,Near term (2026–2035),111,1.20583922227012
Low recruitment,PR+20,Near term (2026–2035),112,1.26111225927656
Low recruitment,PR+20,Near term (2026–2035),113,1.31366547730358
Low recruitment,PR+20,Near term (2026–2035),114,1.53946737000529
Low recruitment,PR+20,Near term (2026–2035),115,1.50981171169553
Low recruitment,PR+20,Near term (2026–2035),116,1.21599240782202
Low recruitment,PR+20,Near term (2026–2035),117,1.83901807888649
Low recruitment,PR+20,Near term (2026–2035),118,1.10756487111983
Low recruitment,PR+20,Near term (2026–2035),119,0.772779435056004
Low recruitment,PR+20,Near term (2026–2035),120,1.86031597406103
Low recruitment,PR+20,Near term (2026–2035),121,1.20013677101508
Low recruitment,PR+20,Near term (2026–2035),122,0.979167197312897
Low recruitment,PR+20,Near term (2026–2035),123,1.42872083682194
Low recruitment,PR+20,Near term (2026–2035),124,1.18714276156428
Low recruitment,PR+20,Near term (2026–2035),125,0.641613464074663
Low recruitment,PR+20,Near term (2026–2035),126,0.527558057633901
Low recruitment,PR+20,Near term (2026–2035),127,0.967408272418677
Low recruitment,PR+20,Near term (2026–2035),128,0.736621689225276
Low recruitment,PR+20,Near term (2026–2035),129,1.35848999763122
Low recruitment,PR+20,Near term (2026–2035),130,1.27179329144542
Low recruitment,PR+20,Near term (2026–2035),131,1.1361897371698
Low recruitment,PR+20,Near term (2026–2035),132,1.56056928182028
Low recruitment,PR+20,Near term (2026–2035),133,1.07723169834293
Low recruitment,PR+20,Near term (2026–2035),134,2.23548322043107
Low recruitment,PR+20,Near term (2026–2035),135,1.05537176539957
Low recruitment,PR+20,Near term (2026–2035),136,1.15821659341991
Low recruitment,PR+20,Near term (2026–2035),137,1.22679406838524
Low recruitment,PR+20,Near term (2026–2035),138,0.874734379373819
Low recruitment,PR+20,Near term (2026–2035),139,1.96948132125909
Low recruitment,PR+20,Near term (2026–2035),140,0.947569401948387
Low recruitment,PR+20,Near term (2026–2035),141,1.42187933400371
Low recruitment,PR+20,Near term (2026–2035),142,0.933242617376425
Low recruitment,PR+20,Near term (2026–2035),143,1.24294122006182
Low recruitment,PR+20,Near term (2026–2035),144,1.41309915358264
Low recruitment,PR+20,Near term (2026–2035),145,1.17615201952125
Low recruitment,PR+20,Near term (2026–2035),146,1.26254272156576
Low recruitment,PR+20,Near term (2026–2035),147,1.52769129179072
Low recruitment,PR+20,Near term (2026–2035),148,1.74814900167797
Low recruitment,PR+20,Near term (2026–2035),149,1.62907040509625
Low recruitment,PR+20,Near term (2026–2035),150,1.40154913928548
Low recruitment,PR+20,Near term (2026–2035),151,1.29514950428798
Low recruitment,PR+20,Near term (2026–2035),152,0.822353215975881
Low recruitment,PR+20,Near term (2026–2035),153,0.646729132762871
Low recruitment,PR+20,Near term (2026–2035),154,1.54036078068756
Low recruitment,PR+20,Near term (2026–2035),155,1.54754467428544
Low recruitment,PR+20,Near term (2026–2035),156,0.869084277734457
Low recruitment,PR+20,Near term (2026–2035),157,1.57889490803909
Low recruitment,PR+20,Near term (2026–2035),158,1.88113284708467
Low recruitment,PR+20,Near term (2026–2035),159,1.85548585343516
Low recruitment,PR+20,Near term (2026–2035),160,1.27694609156525
Low recruitment,PR+20,Near term (2026–2035),161,0.955966609297357
Low recruitment,PR+20,Near term (2026–2035),162,1.05572441746667
Low recruitment,PR+20,Near term (2026–2035),163,1.37293273194451
Low recruitment,PR+20,Near term (2026–2035),164,1.45205962632472
Low recruitment,PR+20,Near term (2026–2035),165,1.65249612937367
Low recruitment,PR+20,Near term (2026–2035),166,0.891609192961357
Low recruitment,PR+20,Near term (2026–2035),167,2.04513961738584
Low recruitment,PR+20,Near term (2026–2035),168,1.46941388140391
Low recruitment,PR+20,Near term (2026–2035),169,0.75679624878957
Low recruitment,PR+20,Near term (2026–2035),170,1.11268129091664
Low recruitment,PR+20,Near term (2026–2035),171,1.44101070219874
Low recruitment,PR+20,Near term (2026–2035),172,0.732197620275025
Low recruitment,PR+20,Near term (2026–2035),173,1.10689304403602
Low recruitment,PR+20,Near term (2026–2035),174,0.994790567838464
Low recruitment,PR+20,Near term (2026–2035),175,1.8212298704633
Low recruitment,PR+20,Near term (2026–2035),176,1.11786387048994
Low recruitment,PR+20,Near term (2026–2035),177,1.05980220210101
Low recruitment,PR+20,Near term (2026–2035),178,1.45985939005502
Low recruitment,PR+20,Near term (2026–2035),179,0.889622408354824
Low recruitment,PR+20,Near term (2026–2035),180,1.30202498612691
Low recruitment,PR+20,Near term (2026–2035),181,1.3228761313914
Low recruitment,PR+20,Near term (2026–2035),182,1.30474059660563
Low recruitment,PR+20,Near term (2026–2035),183,1.22110860942459
Low recruitment,PR+20,Near term (2026–2035),184,1.39655795976451
Low recruitment,PR+20,Near term (2026–2035),185,1.37429897731238
Low recruitment,PR+20,Near term (2026–2035),186,0.812472081509193
Low recruitment,PR+20,Near term (2026–2035),187,2.04812448782331
Low recruitment,PR+20,Near term (2026–2035),188,1.59722665363111
Low recruitment,PR+20,Near term (2026–2035),189,0.757188022433311
Low recruitment,PR+20,Near term (2026–2035),190,0.976091310241156
Low recruitment,PR+20,Near term (2026–2035),191,0.940808521362131
Low recruitment,PR+20,Near term (2026–2035),192,0.934435076913024
Low recruitment,PR+20,Near term (2026–2035),193,1.12829269981263
Low recruitment,PR+20,Near term (2026–2035),194,1.21786552114404
Low recruitment,PR+20,Near term (2026–2035),195,1.18770678584251
Low recruitment,PR+20,Near term (2026–2035),196,1.12434187044452
Low recruitment,PR+20,Near term (2026–2035),197,1.30920528149618
Low recruitment,PR+20,Near term (2026–2035),198,1.32340388855332
Low recruitment,PR+20,Near term (2026–2035),199,0.661815108008915
Low recruitment,PR+20,Long term (2041–2050),100,1.62587701507519
Low recruitment,PR+20,Long term (2041–2050),101,0.865206153320179
Low recruitment,PR+20,Long term (2041–2050),102,1.14297692570152
Low recruitment,PR+20,Long term (2041–2050),103,1.18045625695279
Low recruitment,PR+20,Long term (2041–2050),104,1.21476029718198
Low recruitment,PR+20,Long term (2041–2050),105,0.789405074199822
Low recruitment,PR+20,Long term (2041–2050),106,1.08797762675131
Low recruitment,PR+20,Long term (2041–2050),107,1.34434407696146
Low recruitment,PR+20,Long term (2041–2050),108,1.22772335692329
Low recruitment,PR+20,Long term (2041–2050),109,0.776341968277785
Low recruitment,PR+20,Long term (2041–2050),110,1.19051197832931
Low recruitment,PR+20,Long term (2041–2050),111,1.91281354021348
Low recruitment,PR+20,Long term (2041–2050),112,0.924692685132431
Low recruitment,PR+20,Long term (2041–2050),113,0.589251080996733
Low recruitment,PR+20,Long term (2041–2050),114,1.1597042742706
Low recruitment,PR+20,Long term (2041–2050),115,1.22986066049392
Low recruitment,PR+20,Long term (2041–2050),116,0.878228267810894
Low recruitment,PR+20,Long term (2041–2050),117,0.942932160863164
Low recruitment,PR+20,Long term (2041–2050),118,1.54547646605689
Low recruitment,PR+20,Long term (2041–2050),119,1.10236902387025
Low recruitment,PR+20,Long term (2041–2050),120,1.32349262413506
Low recruitment,PR+20,Long term (2041–2050),121,1.21601177509453
Low recruitment,PR+20,Long term (2041–2050),122,1.83155306689401
Low recruitment,PR+20,Long term (2041–2050),123,1.57262071236076
Low recruitment,PR+20,Long term (2041–2050),124,0.962759877983818
Low recruitment,PR+20,Long term (2041–2050),125,0.927606435874747
Low recruitment,PR+20,Long term (2041–2050),126,0.940507768226025
Low recruitment,PR+20,Long term (2041–2050),127,1.18507883878587
Low recruitment,PR+20,Long term (2041–2050),128,1.21559052122448
Low recruitment,PR+20,Long term (2041–2050),129,1.28381498529217
Low recruitment,PR+20,Long term (2041–2050),130,1.23961379617888
Low recruitment,PR+20,Long term (2041–2050),131,1.65681714482659
Low recruitment,PR+20,Long term (2041–2050),132,1.15246532550449
Low recruitment,PR+20,Long term (2041–2050),133,0.852758226499481
Low recruitment,PR+20,Long term (2041–2050),134,1.78923109526317
Low recruitment,PR+20,Long term (2041–2050),135,0.70110042382528
Low recruitment,PR+20,Long term (2041–2050),136,0.94960279856505
Low recruitment,PR+20,Long term (2041–2050),137,1.70362892610381
Low recruitment,PR+20,Long term (2041–2050),138,0.939300835246524
Low recruitment,PR+20,Long term (2041–2050),139,1.29053555010351
Low recruitment,PR+20,Long term (2041–2050),140,1.4545596784233
Low recruitment,PR+20,Long term (2041–2050),141,1.26231674951518
Low recruitment,PR+20,Long term (2041–2050),142,1.06368602364769
Low recruitment,PR+20,Long term (2041–2050),143,0.75496437223048
Low recruitment,PR+20,Long term (2041–2050),144,0.930558732210106
Low recruitment,PR+20,Long term (2041–2050),145,0.950444644329383
Low recruitment,PR+20,Long term (2041–2050),146,0.631016923287768
Low recruitment,PR+20,Long term (2041–2050),147,0.275986803369388
Low recruitment,PR+20,Long term (2041–2050),148,2.13214649266086
Low recruitment,PR+20,Long term (2041–2050),149,1.03773061337021
Low recruitment,PR+20,Long term (2041–2050),150,0.848653609394174
Low recruitment,PR+20,Long term (2041–2050),151,1.12205053108513
Low recruitment,PR+20,Long term (2041–2050),152,1.45927010730143
Low recruitment,PR+20,Long term (2041–2050),153,0.715799376678512
Low recruitment,PR+20,Long term (2041–2050),154,1.30819679574697
Low recruitment,PR+20,Long term (2041–2050),155,1.21591884029077
Low recruitment,PR+20,Long term (2041–2050),156,1.46351275417893
Low recruitment,PR+20,Long term (2041–2050),157,1.17179086658032
Low recruitment,PR+20,Long term (2041–2050),158,0.966772849902001
Low recruitment,PR+20,Long term (2041–2050),159,1.89672547940578
Low recruitment,PR+20,Long term (2041–2050),160,0.652040190697868
Low recruitment,PR+20,Long term (2041–2050),161,1.4377886274037
Low recruitment,PR+20,Long term (2041–2050),162,0.847803620936962
Low recruitment,PR+20,Long term (2041–2050),163,0.881096532078055
Low recruitment,PR+20,Long term (2041–2050),164,0.890375633691005
Low recruitment,PR+20,Long term (2041–2050),165,1.2808812365425
Low recruitment,PR+20,Long term (2041–2050),166,0.667854019670062
Low recruitment,PR+20,Long term (2041–2050),167,1.14157841488505
Low recruitment,PR+20,Long term (2041–2050),168,1.08057896947556
Low recruitment,PR+20,Long term (2041–2050),169,2.08859046540137
Low recruitment,PR+20,Long term (2041–2050),170,1.01614035629214
Low recruitment,PR+20,Long term (2041–2050),171,0.971291779478704
Low recruitment,PR+20,Long term (2041–2050),172,1.49752497797216
Low recruitment,PR+20,Long term (2041–2050),173,0.709006488436393
Low recruitment,PR+20,Long term (2041–2050),174,1.01218145706524
Low recruitment,PR+20,Long term (2041–2050),175,0.66692297057196
Low recruitment,PR+20,Long term (2041–2050),176,1.247882132878
Low recruitment,PR+20,Long term (2041–2050),177,1.69417111869984
Low recruitment,PR+20,Long term (2041–2050),178,1.2002644270617
Low recruitment,PR+20,Long term (2041–2050),179,1.21578919203077
Low recruitment,PR+20,Long term (2041–2050),180,0.97450297406552
Low recruitment,PR+20,Long term (2041–2050),181,1.24450091856945
Low recruitment,PR+20,Long term (2041–2050),182,1.52641405304375
Low recruitment,PR+20,Long term (2041–2050),183,0.970312161882451
Low recruitment,PR+20,Long term (2041–2050),184,1.88384373250876
Low recruitment,PR+20,Long term (2041–2050),185,1.43207313813449
Low recruitment,PR+20,Long term (2041–2050),186,1.20741948204726
Low recruitment,PR+20,Long term (2041–2050),187,1.37576411994825
Low recruitment,PR+20,Long term (2041–2050),188,1.17054540857976
Low recruitment,PR+20,Long term (2041–2050),189,1.19076184351983
Low recruitment,PR+20,Long term (2041–2050),190,1.27167342697668
Low recruitment,PR+20,Long term (2041–2050),191,1.18812209686781
Low recruitment,PR+20,Long term (2041–2050),192,1.16983488361928
Low recruitment,PR+20,Long term (2041–2050),193,1.44504167992837
Low recruitment,PR+20,Long term (2041–2050),194,0.87940431237817
Low recruitment,PR+20,Long term (2041–2050),195,0.754029109459628
Low recruitment,PR+20,Long term (2041–2050),196,1.51338228697091
Low recruitment,PR+20,Long term (2041–2050),197,1.83052351846958
Low recruitment,PR+20,Long term (2041–2050),198,1.12736992471488
Low recruitment,PR+20,Long term (2041–2050),199,1.11350489657991
Cyclic recruitment,HS+20,Near term (2026–2035),100,0.838257394430589
Cyclic recruitment,HS+20,Near term (2026–2035),101,1.08838719247216
Cyclic recruitment,HS+20,Near term (2026–2035),102,1.10221725561237
Cyclic recruitment,HS+20,Near term (2026–2035),103,1.09106861107205
Cyclic recruitment,HS+20,Near term (2026–2035),104,1.00837806124536
Cyclic recruitment,HS+20,Near term (2026–2035),105,1.0279114176878
Cyclic recruitment,HS+20,Near term (2026–2035),106,1.56517886971289
Cyclic recruitment,HS+20,Near term (2026–2035),107,0.832573642430714
Cyclic recruitment,HS+20,Near term (2026–2035),108,1.01778949368461
Cyclic recruitment,HS+20,Near term (2026–2035),109,1.13530380564303
Cyclic recruitment,HS+20,Near term (2026–2035),110,1.43073055230186
Cyclic recruitment,HS+20,Near term (2026–2035),111,0.749212492324977
Cyclic recruitment,HS+20,Near term (2026–2035),112,0.83370749694708
Cyclic recruitment,HS+20,Near term (2026–2035),113,0.86724313443537
Cyclic recruitment,HS+20,Near term (2026–2035),114,1.32430161374695
Cyclic recruitment,HS+20,Near term (2026–2035),115,1.76987540743634
Cyclic recruitment,HS+20,Near term (2026–2035),116,1.45122791561953
Cyclic recruitment,HS+20,Near term (2026–2035),117,1.66047684948675
Cyclic recruitment,HS+20,Near term (2026–2035),118,1.11689016598215
Cyclic recruitment,HS+20,Near term (2026–2035),119,1.1639331898725
Cyclic recruitment,HS+20,Near term (2026–2035),120,1.16827443006354
Cyclic recruitment,HS+20,Near term (2026–2035),121,0.952169348727112
Cyclic recruitment,HS+20,Near term (2026–2035),122,0.804004733343039
Cyclic recruitment,HS+20,Near term (2026–2035),123,0.890026564059088
Cyclic recruitment,HS+20,Near term (2026–2035),124,1.0056487226222
Cyclic recruitment,HS+20,Near term (2026–2035),125,0.851166813240235
Cyclic recruitment,HS+20,Near term (2026–2035),126,0.729720950976674
Cyclic recruitment,HS+20,Near term (2026–2035),127,1.21215923391913
Cyclic recruitment,HS+20,Near term (2026–2035),128,0.766756547107873
Cyclic recruitment,HS+20,Near term (2026–2035),129,1.48866691174351
Cyclic recruitment,HS+20,Near term (2026–2035),130,1.04476913542652
Cyclic recruitment,HS+20,Near term (2026–2035),131,0.852828438758882
Cyclic recruitment,HS+20,Near term (2026–2035),132,0.774919399150415
Cyclic recruitment,HS+20,Near term (2026–2035),133,0.891521932908163
Cyclic recruitment,HS+20,Near term (2026–2035),134,1.10487606033266
Cyclic recruitment,HS+20,Near term (2026–2035),135,0.834076212531439
Cyclic recruitment,HS+20,Near term (2026–2035),136,0.830551109291132
Cyclic recruitment,HS+20,Near term (2026–2035),137,1.32530326294388
Cyclic recruitment,HS+20,Near term (2026–2035),138,1.09106030881275
Cyclic recruitment,HS+20,Near term (2026–2035),139,1.07884468914436
Cyclic recruitment,HS+20,Near term (2026–2035),140,0.717675787835945
Cyclic recruitment,HS+20,Near term (2026–2035),141,1.18920958577442
Cyclic recruitment,HS+20,Near term (2026–2035),142,0.91227310730078
Cyclic recruitment,HS+20,Near term (2026–2035),143,0.921970010383194
Cyclic recruitment,HS+20,Near term (2026–2035),144,0.991349599097672
Cyclic recruitment,HS+20,Near term (2026–2035),145,1.17157373711851
Cyclic recruitment,HS+20,Near term (2026–2035),146,0.583906139785967
Cyclic recruitment,HS+20,Near term (2026–2035),147,1.37990519350082
Cyclic recruitment,HS+20,Near term (2026–2035),148,1.06616944015365
Cyclic recruitment,HS+20,Near term (2026–2035),149,1.17681324730635
Cyclic recruitment,HS+20,Near term (2026–2035),150,1.15136185153011
Cyclic recruitment,HS+20,Near term (2026–2035),151,1.16033957379721
Cyclic recruitment,HS+20,Near term (2026–2035),152,0.919236160596202
Cyclic recruitment,HS+20,Near term (2026–2035),153,0.730343947873103
Cyclic recruitment,HS+20,Near term (2026–2035),154,1.10604523812221
Cyclic recruitment,HS+20,Near term (2026–2035),155,1.88993374999876
Cyclic recruitment,HS+20,Near term (2026–2035),156,1.38985928624659
Cyclic recruitment,HS+20,Near term (2026–2035),157,1.66160229153403
Cyclic recruitment,HS+20,Near term (2026–2035),158,1.83144990311321
Cyclic recruitment,HS+20,Near term (2026–2035),159,1.67558097348961
Cyclic recruitment,HS+20,Near term (2026–2035),160,1.22822776195924
Cyclic recruitment,HS+20,Near term (2026–2035),161,1.62141732192164
Cyclic recruitment,HS+20,Near term (2026–2035),162,1.17771660700129
Cyclic recruitment,HS+20,Near term (2026–2035),163,1.18305022757393
Cyclic recruitment,HS+20,Near term (2026–2035),164,1.11917611018716
Cyclic recruitment,HS+20,Near term (2026–2035),165,1.43085102117712
Cyclic recruitment,HS+20,Near term (2026–2035),166,1.3459198100303
Cyclic recruitment,HS+20,Near term (2026–2035),167,1.03253175217064
Cyclic recruitment,HS+20,Near term (2026–2035),168,1.13618756229172
Cyclic recruitment,HS+20,Near term (2026–2035),169,1.32407414744036
Cyclic recruitment,HS+20,Near term (2026–2035),170,1.28388921367335
Cyclic recruitment,HS+20,Near term (2026–2035),171,1.28150206197463
Cyclic recruitment,HS+20,Near term (2026–2035),172,0.838507490705434
Cyclic recruitment,HS+20,Near term (2026–2035),173,1.21540646398913
Cyclic recruitment,HS+20,Near term (2026–2035),174,1.10467869957837
Cyclic recruitment,HS+20,Near term (2026–2035),175,0.995464304928874
Cyclic recruitment,HS+20,Near term (2026–2035),176,1.0203902212252
Cyclic recruitment,HS+20,Near term (2026–2035),177,0.900060945111466
Cyclic recruitment,HS+20,Near term (2026–2035),178,1.3765737946012
Cyclic recruitment,HS+20,Near term (2026–2035),179,0.702456348633744
Cyclic recruitment,HS+20,Near term (2026–2035),180,0.964795179472352
Cyclic recruitment,HS+20,Near term (2026–2035),181,1.22795009645326
Cyclic recruitment,HS+20,Near term (2026–2035),182,1.17043376805749
Cyclic recruitment,HS+20,Near term (2026–2035),183,1.82642567645969
Cyclic recruitment,HS+20,Near term (2026–2035),184,1.06888988377576
Cyclic recruitment,HS+20,Near term (2026–2035),185,1.32429348943115
Cyclic recruitment,HS+20,Near term (2026–2035),186,1.3572606524722
Cyclic recruitment,HS+20,Near term (2026–2035),187,1.62653994603182
Cyclic recruitment,HS+20,Near term (2026–2035),188,0.679908918553743
Cyclic recruitment,HS+20,Near term (2026–2035),189,0.8369151815543
Cyclic recruitment,HS+20,Near term (2026–2035),190,0.91729651988749
Cyclic recruitment,HS+20,Near term (2026–2035),191,0.631832845816246
Cyclic recruitment,HS+20,Near term (2026–2035),192,1.66813893897128
Cyclic recruitment,HS+20,Near term (2026–2035),193,0.978812507173152
Cyclic recruitment,HS+20,Near term (2026–2035),194,1.51352091657806
Cyclic recruitment,HS+20,Near term (2026–2035),195,0.929953510049251
Cyclic recruitment,HS+20,Near term (2026–2035),196,1.10158233439118
Cyclic recruitment,HS+20,Near term (2026–2035),197,0.902406567496677
Cyclic recruitment,HS+20,Near term (2026–2035),198,1.6066080176124
Cyclic recruitment,HS+20,Near term (2026–2035),199,0.793413818250196
Cyclic recruitment,HS+20,Long term (2041–2050),100,0.831818146458283
Cyclic recruitment,HS+20,Long term (2041–2050),101,0.340160604550046
Cyclic recruitment,HS+20,Long term (2041–2050),102,1.12674363397052
Cyclic recruitment,HS+20,Long term (2041–2050),103,1.38545501383974
Cyclic recruitment,HS+20,Long term (2041–2050),104,0.305117823360407
Cyclic recruitment,HS+20,Long term (2041–2050),105,0.26526146437657
Cyclic recruitment,HS+20,Long term (2041–2050),106,1.11036741043936
Cyclic recruitment,HS+20,Long term (2041–2050),107,1.21850062288089
Cyclic recruitment,HS+20,Long term (2041–2050),108,0.812380943383213
Cyclic recruitment,HS+20,Long term (2041–2050),109,1.31922411104292
Cyclic recruitment,HS+20,Long term (2041–2050),110,1.52465095618512
Cyclic recruitment,HS+20,Long term (2041–2050),111,1.34637601673915
Cyclic recruitment,HS+20,Long term (2041–2050),112,0.804740572910469
Cyclic recruitment,HS+20,Long term (2041–2050),113,0.86875957686978
Cyclic recruitment,HS+20,Long term (2041–2050),114,1.4039464430129
Cyclic recruitment,HS+20,Long term (2041–2050),115,2.52507601446982
Cyclic recruitment,HS+20,Long term (2041–2050),116,0.858911848571016
Cyclic recruitment,HS+20,Long term (2041–2050),117,1.90428422182324
Cyclic recruitment,HS+20,Long term (2041–2050),118,1.10978357869613
Cyclic recruitment,HS+20,Long term (2041–2050),119,0.311712439581291
Cyclic recruitment,HS+20,Long term (2041–2050),120,1.07652098953438
Cyclic recruitment,HS+20,Long term (2041–2050),121,0.779633394581115
Cyclic recruitment,HS+20,Long term (2041–2050),122,1.02620525021376
Cyclic recruitment,HS+20,Long term (2041–2050),123,0.470282250821888
Cyclic recruitment,HS+20,Long term (2041–2050),124,1.1152138377084
Cyclic recruitment,HS+20,Long term (2041–2050),125,0.949817257698468
Cyclic recruitment,HS+20,Long term (2041–2050),126,0.54103770102113
Cyclic recruitment,HS+20,Long term (2041–2050),127,0.669907223597031
Cyclic recruitment,HS+20,Long term (2041–2050),128,1.24546930942885
Cyclic recruitment,HS+20,Long term (2041–2050),129,1.44288350952178
Cyclic recruitment,HS+20,Long term (2041–2050),130,0.570686029976744
Cyclic recruitment,HS+20,Long term (2041–2050),131,1.46372293530986
Cyclic recruitment,HS+20,Long term (2041–2050),132,0.889967483316614
Cyclic recruitment,HS+20,Long term (2041–2050),133,0.333868102618616
Cyclic recruitment,HS+20,Long term (2041–2050),134,1.95012573276358
Cyclic recruitment,HS+20,Long term (2041–2050),135,1.35331866871619
Cyclic recruitment,HS+20,Long term (2041–2050),136,0.2546261681505
Cyclic recruitment,HS+20,Long term (2041–2050),137,0.337694922471481
Cyclic recruitment,HS+20,Long term (2041–2050),138,1.23897945920492
Cyclic recruitment,HS+20,Long term (2041–2050),139,0.768770586122491
Cyclic recruitment,HS+20,Long term (2041–2050),140,0.573440788677991
Cyclic recruitment,HS+20,Long term (2041–2050),141,1.22966408255802
Cyclic recruitment,HS+20,Long term (2041–2050),142,0.78806538896218
Cyclic recruitment,HS+20,Long term (2041–2050),143,0.887662481684106
Cyclic recruitment,HS+20,Long term (2041–2050),144,0.609680704507567
Cyclic recruitment,HS+20,Long term (2041–2050),145,1.28033579140685
Cyclic recruitment,HS+20,Long term (2041–2050),146,0.846289733949277
Cyclic recruitment,HS+20,Long term (2041–2050),147,0.886142201041404
Cyclic recruitment,HS+20,Long term (2041–2050),148,0.327831815179894
Cyclic recruitment,HS+20,Long term (2041–2050),149,1.14915491753301
Cyclic recruitment,HS+20,Long term (2041–2050),150,1.74764722328858
Cyclic recruitment,HS+20,Long term (2041–2050),151,0.774486643133646
Cyclic recruitment,HS+20,Long term (2041–2050),152,1.34965728926311
Cyclic recruitment,HS+20,Long term (2041–2050),153,0.969121851800435
Cyclic recruitment,HS+20,Long term (2041–2050),154,0.686424573295056
Cyclic recruitment,HS+20,Long term (2041–2050),155,0.992403038366096
Cyclic recruitment,HS+20,Long term (2041–2050),156,1.13358692127614
Cyclic recruitment,HS+20,Long term (2041–2050),157,1.0029420668682
Cyclic recruitment,HS+20,Long term (2041–2050),158,0.94056254452682
Cyclic recruitment,HS+20,Long term (2041–2050),159,1.55448469548965
Cyclic recruitment,HS+20,Long term (2041–2050),160,1.9268554402736
Cyclic recruitment,HS+20,Long term (2041–2050),161,0.98186929595727
Cyclic recruitment,HS+20,Long term (2041–2050),162,0.866918423591879
Cyclic recruitment,HS+20,Long term (2041–2050),163,0.105913194561318
Cyclic recruitment,HS+20,Long term (2041–2050),164,1.49872686350817
Cyclic recruitment,HS+20,Long term (2041–2050),165,0.588804620589347
Cyclic recruitment,HS+20,Long term (2041–2050),166,0.639326221600927
Cyclic recruitment,HS+20,Long term (2041–2050),167,0.97278662293749
Cyclic recruitment,HS+20,Long term (2041–2050),168,0.675498916401589
Cyclic recruitment,HS+20,Long term (2041–2050),169,1.68100933010306
Cyclic recruitment,HS+20,Long term (2041–2050),170,1.77647607599765
Cyclic recruitment,HS+20,Long term (2041–2050),171,1.33003596699054
Cyclic recruitment,HS+20,Long term (2041–2050),172,0.668098864975982
Cyclic recruitment,HS+20,Long term (2041–2050),173,0.432648236883735
Cyclic recruitment,HS+20,Long term (2041–2050),174,1.27694177362079
Cyclic recruitment,HS+20,Long term (2041–2050),175,0.707221034474518
Cyclic recruitment,HS+20,Long term (2041–2050),176,0.989002455966677
Cyclic recruitment,HS+20,Long term (2041–2050),177,0.776289799786425
Cyclic recruitment,HS+20,Long term (2041–2050),178,0.642829717348888
Cyclic recruitment,HS+20,Long term (2041–2050),179,0.959876043947305
Cyclic recruitment,HS+20,Long term (2041–2050),180,0.856553966271795
Cyclic recruitment,HS+20,Long term (2041–2050),181,0.884428352071659
Cyclic recruitment,HS+20,Long term (2041–2050),182,1.08693062583507
Cyclic recruitment,HS+20,Long term (2041–2050),183,0.85705043884869
Cyclic recruitment,HS+20,Long term (2041–2050),184,1.61719016488734
Cyclic recruitment,HS+20,Long term (2041–2050),185,1.69624957453464
Cyclic recruitment,HS+20,Long term (2041–2050),186,0.375755572996288
Cyclic recruitment,HS+20,Long term (2041–2050),187,0.632069801272265
Cyclic recruitment,HS+20,Long term (2041–2050),188,0.853420262496215
Cyclic recruitment,HS+20,Long term (2041–2050),189,1.20598148604131
Cyclic recruitment,HS+20,Long term (2041–2050),190,1.26399176491454
Cyclic recruitment,HS+20,Long term (2041–2050),191,0.723099826794302
Cyclic recruitment,HS+20,Long term (2041–2050),192,1.0100382911519
Cyclic recruitment,HS+20,Long term (2041–2050),193,0.523806164957687
Cyclic recruitment,HS+20,Long term (2041–2050),194,1.54619232681195
Cyclic recruitment,HS+20,Long term (2041–2050),195,0.687019473528042
Cyclic recruitment,HS+20,Long term (2041–2050),196,0.89022541571226
Cyclic recruitment,HS+20,Long term (2041–2050),197,1.21745183221628
Cyclic recruitment,HS+20,Long term (2041–2050),198,0.850350609475716
Cyclic recruitment,HS+20,Long term (2041–2050),199,1.063027040228
Cyclic recruitment,PR+20,Near term (2026–2035),100,0.916913245600065
Cyclic recruitment,PR+20,Near term (2026–2035),101,1.13034190844119
Cyclic recruitment,PR+20,Near term (2026–2035),102,1.15017077420164
Cyclic recruitment,PR+20,Near term (2026–2035),103,1.12126049174256
Cyclic recruitment,PR+20,Near term (2026–2035),104,1.10247070881807
Cyclic recruitment,PR+20,Near term (2026–2035),105,1.06424770896677
Cyclic recruitment,PR+20,Near term (2026–2035),106,1.57742562374727
Cyclic recruitment,PR+20,Near term (2026–2035),107,0.862900073023047
Cyclic recruitment,PR+20,Near term (2026–2035),108,1.09885979988078
Cyclic recruitment,PR+20,Near term (2026–2035),109,1.15436597654039
Cyclic recruitment,PR+20,Near term (2026–2035),110,1.47348559510344
Cyclic recruitment,PR+20,Near term (2026–2035),111,0.796780871138886
Cyclic recruitment,PR+20,Near term (2026–2035),112,0.866793959864631
Cyclic recruitment,PR+20,Near term (2026–2035),113,0.945355846675637
Cyclic recruitment,PR+20,Near term (2026–2035),114,1.35449988662435
Cyclic recruitment,PR+20,Near term (2026–2035),115,1.83607192359714
Cyclic recruitment,PR+20,Near term (2026–2035),116,1.4760923205316
Cyclic recruitment,PR+20,Near term (2026–2035),117,1.69921358254983
Cyclic recruitment,PR+20,Near term (2026–2035),118,1.13857105265598
Cyclic recruitment,PR+20,Near term (2026–2035),119,1.21368523642667
Cyclic recruitment,PR+20,Near term (2026–2035),120,1.19402382126587
Cyclic recruitment,PR+20,Near term (2026–2035),121,1.04032597632628
Cyclic recruitment,PR+20,Near term (2026–2035),122,0.905378529984205
Cyclic recruitment,PR+20,Near term (2026–2035),123,0.998952360669464
Cyclic recruitment,PR+20,Near term (2026–2035),124,1.03358169230947
Cyclic recruitment,PR+20,Near term (2026–2035),125,0.893768068653122
Cyclic recruitment,PR+20,Near term (2026–2035),126,0.743544021297427
Cyclic recruitment,PR+20,Near term (2026–2035),127,1.22683141097585
Cyclic recruitment,PR+20,Near term (2026–2035),128,0.807338241847873
Cyclic recruitment,PR+20,Near term (2026–2035),129,1.55978385227837
Cyclic recruitment,PR+20,Near term (2026–2035),130,1.11054530633877
Cyclic recruitment,PR+20,Near term (2026–2035),131,0.898475942051017
Cyclic recruitment,PR+20,Near term (2026–2035),132,0.812094721616447
Cyclic recruitment,PR+20,Near term (2026–2035),133,0.991484425476491
Cyclic recruitment,PR+20,Near term (2026–2035),134,1.17396513893644
Cyclic recruitment,PR+20,Near term (2026–2035),135,0.881823665016332
Cyclic recruitment,PR+20,Near term (2026–2035),136,0.884517243065649
Cyclic recruitment,PR+20,Near term (2026–2035),137,1.45129230620332
Cyclic recruitment,PR+20,Near term (2026–2035),138,1.21379079857706
Cyclic recruitment,PR+20,Near term (2026–2035),139,1.10628770665375
Cyclic recruitment,PR+20,Near term (2026–2035),140,0.721791755752742
Cyclic recruitment,PR+20,Near term (2026–2035),141,1.24483501529585
Cyclic recruitment,PR+20,Near term (2026–2035),142,0.950599373863341
Cyclic recruitment,PR+20,Near term (2026–2035),143,0.969854087064149
Cyclic recruitment,PR+20,Near term (2026–2035),144,1.12390586357461
Cyclic recruitment,PR+20,Near term (2026–2035),145,1.2127193979324
Cyclic recruitment,PR+20,Near term (2026–2035),146,0.660916107973687
Cyclic recruitment,PR+20,Near term (2026–2035),147,1.4287620537913
Cyclic recruitment,PR+20,Near term (2026–2035),148,1.09333688889295
Cyclic recruitment,PR+20,Near term (2026–2035),149,1.21418271947993
Cyclic recruitment,PR+20,Near term (2026–2035),150,1.18509645071162
Cyclic recruitment,PR+20,Near term (2026–2035),151,1.27986564872802
Cyclic recruitment,PR+20,Near term (2026–2035),152,0.955776266926146
Cyclic recruitment,PR+20,Near term (2026–2035),153,0.791781773937852
Cyclic recruitment,PR+20,Near term (2026–2035),154,1.1461127739181
Cyclic recruitment,PR+20,Near term (2026–2035),155,1.94666178245454
Cyclic recruitment,PR+20,Near term (2026–2035),156,1.43485838265277
Cyclic recruitment,PR+20,Near term (2026–2035),157,1.69839818659215
Cyclic recruitment,PR+20,Near term (2026–2035),158,1.88949776641629
Cyclic recruitment,PR+20,Near term (2026–2035),159,1.72649724163699
Cyclic recruitment,PR+20,Near term (2026–2035),160,1.26353774498921
Cyclic recruitment,PR+20,Near term (2026–2035),161,1.66372092843053
Cyclic recruitment,PR+20,Near term (2026–2035),162,1.24333996267119
Cyclic recruitment,PR+20,Near term (2026–2035),163,1.2446969796983
Cyclic recruitment,PR+20,Near term (2026–2035),164,1.15924199140832
Cyclic recruitment,PR+20,Near term (2026–2035),165,1.46004726275892
Cyclic recruitment,PR+20,Near term (2026–2035),166,1.38923714705224
Cyclic recruitment,PR+20,Near term (2026–2035),167,1.08709925500918
Cyclic recruitment,PR+20,Near term (2026–2035),168,1.28830642650961
Cyclic recruitment,PR+20,Near term (2026–2035),169,1.34374318884852
Cyclic recruitment,PR+20,Near term (2026–2035),170,1.32812844653087
Cyclic recruitment,PR+20,Near term (2026–2035),171,1.35721457865735
Cyclic recruitment,PR+20,Near term (2026–2035),172,0.872070631891395
Cyclic recruitment,PR+20,Near term (2026–2035),173,1.24283143547825
Cyclic recruitment,PR+20,Near term (2026–2035),174,1.14980715695927
Cyclic recruitment,PR+20,Near term (2026–2035),175,1.14193950912515
Cyclic recruitment,PR+20,Near term (2026–2035),176,1.15658545720363
Cyclic recruitment,PR+20,Near term (2026–2035),177,0.988104462141531
Cyclic recruitment,PR+20,Near term (2026–2035),178,1.45217293580601
Cyclic recruitment,PR+20,Near term (2026–2035),179,0.73391276981084
Cyclic recruitment,PR+20,Near term (2026–2035),180,0.989281534266841
Cyclic recruitment,PR+20,Near term (2026–2035),181,1.26782708810824
Cyclic recruitment,PR+20,Near term (2026–2035),182,1.21145754325381
Cyclic recruitment,PR+20,Near term (2026–2035),183,1.88862756443582
Cyclic recruitment,PR+20,Near term (2026–2035),184,1.09539028211377
Cyclic recruitment,PR+20,Near term (2026–2035),185,1.39908277717753
Cyclic recruitment,PR+20,Near term (2026–2035),186,1.41032332487669
Cyclic recruitment,PR+20,Near term (2026–2035),187,1.70136598579569
Cyclic recruitment,PR+20,Near term (2026–2035),188,0.712252996031624
Cyclic recruitment,PR+20,Near term (2026–2035),189,0.892776677313423
Cyclic recruitment,PR+20,Near term (2026–2035),190,1.02539809905805
Cyclic recruitment,PR+20,Near term (2026–2035),191,0.690643064104558
Cyclic recruitment,PR+20,Near term (2026–2035),192,1.72071692305072
Cyclic recruitment,PR+20,Near term (2026–2035),193,1.08978449292346
Cyclic recruitment,PR+20,Near term (2026–2035),194,1.554813934479
Cyclic recruitment,PR+20,Near term (2026–2035),195,0.958395211663976
Cyclic recruitment,PR+20,Near term (2026–2035),196,1.20036464865576
Cyclic recruitment,PR+20,Near term (2026–2035),197,0.961861571650048
Cyclic recruitment,PR+20,Near term (2026–2035),198,1.67143429651926
Cyclic recruitment,PR+20,Near term (2026–2035),199,0.694866258310557
Cyclic recruitment,PR+20,Long term (2041–2050),100,0.890395222934991
Cyclic recruitment,PR+20,Long term (2041–2050),101,0.618640644824482
Cyclic recruitment,PR+20,Long term (2041–2050),102,1.16267475738091
Cyclic recruitment,PR+20,Long term (2041–2050),103,1.42024955025898
Cyclic recruitment,PR+20,Long term (2041–2050),104,0.733106280975322
Cyclic recruitment,PR+20,Long term (2041–2050),105,0.478544563610858
Cyclic recruitment,PR+20,Long term (2041–2050),106,1.07548148527207
Cyclic recruitment,PR+20,Long term (2041–2050),107,1.36209808260048
Cyclic recruitment,PR+20,Long term (2041–2050),108,0.906840335350795
Cyclic recruitment,PR+20,Long term (2041–2050),109,1.35954225883755
Cyclic recruitment,PR+20,Long term (2041–2050),110,1.46858549567783
Cyclic recruitment,PR+20,Long term (2041–2050),111,1.36194648832269
Cyclic recruitment,PR+20,Long term (2041–2050),112,0.779400887106737
Cyclic recruitment,PR+20,Long term (2041–2050),113,0.888572275216137
Cyclic recruitment,PR+20,Long term (2041–2050),114,1.46257786176504
Cyclic recruitment,PR+20,Long term (2041–2050),115,2.26438717908163
Cyclic recruitment,PR+20,Long term (2041–2050),116,0.899166086532044
Cyclic recruitment,PR+20,Long term (2041–2050),117,1.88708086820291
Cyclic recruitment,PR+20,Long term (2041–2050),118,1.13187176602027
Cyclic recruitment,PR+20,Long term (2041–2050),119,0.401652978779987
Cyclic recruitment,PR+20,Long term (2041–2050),120,1.28944937675693
Cyclic recruitment,PR+20,Long term (2041–2050),121,0.926774517117203
Cyclic recruitment,PR+20,Long term (2041–2050),122,1.0603801682796
Cyclic recruitment,PR+20,Long term (2041–2050),123,0.802908838040385
Cyclic recruitment,PR+20,Long term (2041–2050),124,1.11698035963736
Cyclic recruitment,PR+20,Long term (2041–2050),125,0.969038515707298
Cyclic recruitment,PR+20,Long term (2041–2050),126,0.666629673292389
Cyclic recruitment,PR+20,Long term (2041–2050),127,0.590545059248035
Cyclic recruitment,PR+20,Long term (2041–2050),128,1.27536684992917
Cyclic recruitment,PR+20,Long term (2041–2050),129,1.12584831369239
Cyclic recruitment,PR+20,Long term (2041–2050),130,0.56074916866242
Cyclic recruitment,PR+20,Long term (2041–2050),131,1.52047213437115
Cyclic recruitment,PR+20,Long term (2041–2050),132,1.11375194069843
Cyclic recruitment,PR+20,Long term (2041–2050),133,0.507799070317399
Cyclic recruitment,PR+20,Long term (2041–2050),134,2.14051401944009
Cyclic recruitment,PR+20,Long term (2041–2050),135,1.36082653700106
Cyclic recruitment,PR+20,Long term (2041–2050),136,0.641555711491827
Cyclic recruitment,PR+20,Long term (2041–2050),137,0.440021209420378
Cyclic recruitment,PR+20,Long term (2041–2050),138,1.24848357371842
Cyclic recruitment,PR+20,Long term (2041–2050),139,0.886533184741434
Cyclic recruitment,PR+20,Long term (2041–2050),140,0.578818915788542
Cyclic recruitment,PR+20,Long term (2041–2050),141,1.27978940287959
Cyclic recruitment,PR+20,Long term (2041–2050),142,0.782384548349655
Cyclic recruitment,PR+20,Long term (2041–2050),143,1.00559263968739
Cyclic recruitment,PR+20,Long term (2041–2050),144,0.727353368161403
Cyclic recruitment,PR+20,Long term (2041–2050),145,1.10683276551195
Cyclic recruitment,PR+20,Long term (2041–2050),146,0.771728018300252
Cyclic recruitment,PR+20,Long term (2041–2050),147,0.954872373109288
Cyclic recruitment,PR+20,Long term (2041–2050),148,0.436019881607678
Cyclic recruitment,PR+20,Long term (2041–2050),149,1.25537657142298
Cyclic recruitment,PR+20,Long term (2041–2050),150,1.79118355212438
Cyclic recruitment,PR+20,Long term (2041–2050),151,0.852015980976535
Cyclic recruitment,PR+20,Long term (2041–2050),152,1.36891911014819
Cyclic recruitment,PR+20,Long term (2041–2050),153,0.987452349022196
Cyclic recruitment,PR+20,Long term (2041–2050),154,0.767814691242215
Cyclic recruitment,PR+20,Long term (2041–2050),155,0.981621749497226
Cyclic recruitment,PR+20,Long term (2041–2050),156,1.17324767237667
Cyclic recruitment,PR+20,Long term (2041–2050),157,1.03181934431938
Cyclic recruitment,PR+20,Long term (2041–2050),158,1.1630495116427
Cyclic recruitment,PR+20,Long term (2041–2050),159,1.52428183622799
Cyclic recruitment,PR+20,Long term (2041–2050),160,1.60190988958459
Cyclic recruitment,PR+20,Long term (2041–2050),161,1.02454138611514
Cyclic recruitment,PR+20,Long term (2041–2050),162,0.867308524743991
Cyclic recruitment,PR+20,Long term (2041–2050),163,0.351357292282949
Cyclic recruitment,PR+20,Long term (2041–2050),164,1.48059346701489
Cyclic recruitment,PR+20,Long term (2041–2050),165,0.772410262954616
Cyclic recruitment,PR+20,Long term (2041–2050),166,0.821844855500292
Cyclic recruitment,PR+20,Long term (2041–2050),167,1.09393199241027
Cyclic recruitment,PR+20,Long term (2041–2050),168,1.03344525731428
Cyclic recruitment,PR+20,Long term (2041–2050),169,1.33512093702759
Cyclic recruitment,PR+20,Long term (2041–2050),170,1.77217962529791
Cyclic recruitment,PR+20,Long term (2041–2050),171,1.31372184535728
Cyclic recruitment,PR+20,Long term (2041–2050),172,0.690677392497917
Cyclic recruitment,PR+20,Long term (2041–2050),173,0.541806796857593
Cyclic recruitment,PR+20,Long term (2041–2050),174,1.31064526061885
Cyclic recruitment,PR+20,Long term (2041–2050),175,0.914020762351505
Cyclic recruitment,PR+20,Long term (2041–2050),176,1.14847243141313
Cyclic recruitment,PR+20,Long term (2041–2050),177,0.744954267065131
Cyclic recruitment,PR+20,Long term (2041–2050),178,0.889370438793071
Cyclic recruitment,PR+20,Long term (2041–2050),179,0.965109787545549
Cyclic recruitment,PR+20,Long term (2041–2050),180,1.06963828619366
Cyclic recruitment,PR+20,Long term (2041–2050),181,0.914042020931807
Cyclic recruitment,PR+20,Long term (2041–2050),182,1.06684813351321
Cyclic recruitment,PR+20,Long term (2041–2050),183,1.08940891757395
Cyclic recruitment,PR+20,Long term (2041–2050),184,1.56870121675155
Cyclic recruitment,PR+20,Long term (2041–2050),185,1.72944571265324
Cyclic recruitment,PR+20,Long term (2041–2050),186,0.320497617631431
Cyclic recruitment,PR+20,Long term (2041–2050),187,0.589552831254074
Cyclic recruitment,PR+20,Long term (2041–2050),188,0.869882273334928
Cyclic recruitment,PR+20,Long term (2041–2050),189,0.928066867604569
Cyclic recruitment,PR+20,Long term (2041–2050),190,1.27318407250112
Cyclic recruitment,PR+20,Long term (2041–2050),191,0.720110828593468
Cyclic recruitment,PR+20,Long term (2041–2050),192,0.987360666469312
Cyclic recruitment,PR+20,Long term (2041–2050),193,0.674916785970401
Cyclic recruitment,PR+20,Long term (2041–2050),194,1.61241746351319
Cyclic recruitment,PR+20,Long term (2041–2050),195,0.765918917326707
Cyclic recruitment,PR+20,Long term (2041–2050),196,0.882015263127503
Cyclic recruitment,PR+20,Long term (2041–2050),197,1.26822117621091
Cyclic recruitment,PR+20,Long term (2041–2050),198,0.996578442790137
Cyclic recruitment,PR+20,Long term (2041–2050),199,1.10615252511373
